Ticker,Annoucement Date,startdate,enddate,Actual,Estimate,Surprise,Group
DCI,2017-03-01,2016-09-07T16:00:00,2017-08-21T16:00:00,0.35,0.314,11.5,BEAT
COST,2017-03-02,2016-09-08T16:00:00,2017-08-22T16:00:00,1.17,1.351,-13.5,MISS
GWRE,2017-03-02,2016-09-08T16:00:00,2017-08-22T16:00:00,0.28,0.142,97.2,BEAT
THO,2017-03-06,2016-09-12T16:00:00,2017-08-24T16:00:00,1.23,1.216,1,MEET
CMD,2017-03-09,2016-09-15T16:00:00,2017-08-29T16:00:00,0.52,0.497,4.6,MEET
MTN,2017-03-10,2016-09-16T16:00:00,2017-08-30T16:00:00,3.67,3.396,8,BEAT
JBL,2017-03-15,2016-09-21T16:00:00,2017-09-05T16:00:00,0.48,0.464,3.4,MEET
ACN,2017-03-23,2016-09-29T16:00:00,2017-09-13T16:00:00,1.33,1.299,2.4,MEET
MU,2017-03-23,2016-09-29T16:00:00,2017-09-13T16:00:00,0.9,0.864,4.2,MEET
FDS,2017-03-28,2016-10-04T16:00:00,2017-09-18T16:00:00,1.81,1.797,0.7,MISS
AYI,2017-04-04,2016-10-11T16:00:00,2017-09-25T16:00:00,1.77,1.834,-3.5,MISS
WBA,2017-04-05,2016-10-12T16:00:00,2017-09-26T16:00:00,1.36,1.359,0.1,MISS
MSM,2017-04-06,2016-10-13T16:00:00,2017-09-27T16:00:00,0.94,0.897,4.4,MEET
AMTD,2017-04-19,2016-10-24T16:00:00,2017-10-06T16:00:00,0.4,0.407,-0.8,MISS
PTC,2017-04-19,2016-10-24T16:00:00,2017-10-06T16:00:00,0.3,0.283,6,MEET
QCOM,2017-04-19,2016-10-24T16:00:00,2017-10-06T16:00:00,1.34,1.185,13.1,BEAT
DHI,2017-04-20,2016-10-26T16:00:00,2017-10-10T16:00:00,0.6,0.591,2.4,MEET
V,2017-04-20,2016-10-26T16:00:00,2017-10-10T16:00:00,0.86,0.79,8.9,BEAT
ASH,2017-04-25,2016-10-31T16:00:00,2017-10-13T16:00:00,1.71,1.611,6.1,MEET
VVV,2017-04-25,2016-10-31T16:00:00,2017-10-13T16:00:00,0.37,0.333,11.1,BEAT
WRK,2017-04-26,2016-11-01T16:00:00,2017-10-16T16:00:00,0.54,0.461,17.1,BEAT
OSK,2017-04-26,2016-11-01T16:00:00,2017-10-16T16:00:00,0.76,0.742,2.4,MEET
ROK,2017-04-26,2016-11-01T16:00:00,2017-10-16T16:00:00,1.55,1.402,10.6,BEAT
VAR,2017-04-26,2016-11-01T16:00:00,2017-10-16T16:00:00,0.89,0.896,-0.7,MISS
FFIV,2017-04-26,2016-11-01T16:00:00,2017-10-16T16:00:00,1.95,1.971,-1.1,MISS
DLB,2017-04-26,2016-11-01T16:00:00,2017-10-16T16:00:00,0.49,0.5,-2,MISS
RJF,2017-04-26,2016-11-01T16:00:00,2017-10-16T16:00:00,1.28,1.136,12.7,BEAT
APD,2017-04-27,2016-11-02T16:00:00,2017-10-17T16:00:00,1.43,1.378,3.8,MEET
HP,2017-04-27,2016-11-02T16:00:00,2017-10-17T16:00:00,-0.47,-0.407,-14.6,MISS
JCI,2017-04-27,2016-11-02T16:00:00,2017-10-17T16:00:00,0.5,0.494,1.2,MEET
SBUX,2017-04-27,2016-11-02T16:00:00,2017-10-17T16:00:00,0.45,0.448,0.4,MISS
FICO,2017-04-27,2016-11-02T16:00:00,2017-10-17T16:00:00,1.05,1.127,-6.8,MISS
SWKS,2017-04-27,2016-11-02T16:00:00,2017-10-17T16:00:00,1.45,1.401,3.5,MEET
HRC,2017-04-28,2016-11-03T16:00:00,2017-10-18T16:00:00,0.88,0.788,11.7,BEAT
ADNT,2017-04-28,2016-11-03T16:00:00,2017-10-18T16:00:00,2.5,2.408,3.8,MEET
BEN,2017-04-28,2016-11-03T16:00:00,2017-10-18T16:00:00,0.74,0.672,10.1,BEAT
TFSL,2017-04-28,2016-11-03T16:00:00,2017-10-18T16:00:00,0.08,0.07,14.3,BEAT
CBT,2017-05-01,2016-11-04T16:00:00,2017-10-19T16:00:00,0.87,0.854,1.9,MEET
UGI,2017-05-01,2016-11-04T16:00:00,2017-10-19T16:00:00,1.31,1.248,5,MEET
BDX,2017-05-02,2016-11-07T16:00:00,2017-10-20T16:00:00,2.3,2.233,3,MEET
VSM,2017-05-02,2016-11-07T16:00:00,2017-10-20T16:00:00,0.44,0.43,2.3,MEET
EMR,2017-05-02,2016-11-07T16:00:00,2017-10-20T16:00:00,0.58,0.581,-0.2,MISS
SMG,2017-05-02,2016-11-07T16:00:00,2017-10-20T16:00:00,2.78,2.904,-4.3,MISS
AAPL,2017-05-02,2016-11-07T16:00:00,2017-10-20T16:00:00,2.1,2.022,3.9,MEET
ENR,2017-05-03,2016-11-08T16:00:00,2017-10-23T16:00:00,0.5,0.339,47.5,BEAT
BERY,2017-05-03,2016-11-08T16:00:00,2017-10-23T16:00:00,0.79,0.651,21.4,BEAT
ATO,2017-05-03,2016-11-08T16:00:00,2017-10-23T16:00:00,1.55,1.425,8.8,BEAT
ABC,2017-05-04,2016-11-09T16:00:00,2017-10-24T16:00:00,1.77,1.679,5.4,MEET
VIAB,2017-05-04,2016-11-09T16:00:00,2017-10-24T16:00:00,0.79,0.599,31.9,BEAT
NFG,2017-05-04,2016-11-09T16:00:00,2017-10-24T16:00:00,1.04,1.048,-0.8,MISS
TSN,2017-05-08,2016-11-11T16:00:00,2017-10-26T16:00:00,1.01,1.024,-1.4,MISS
POST,2017-05-08,2016-11-11T16:00:00,2017-10-26T16:00:00,0.55,0.579,-5,MISS
ARMK,2017-05-09,2016-11-14T16:00:00,2017-10-27T16:00:00,0.45,0.426,5.6,MEET
JEC,2017-05-09,2016-11-14T16:00:00,2017-10-27T16:00:00,0.78,0.718,8.6,BEAT
ACM,2017-05-09,2016-11-14T16:00:00,2017-10-27T16:00:00,0.89,0.608,46.4,BEAT
TDG,2017-05-09,2016-11-14T16:00:00,2017-10-27T16:00:00,3.02,3.005,0.5,MISS
DOX,2017-05-09,2016-11-14T16:00:00,2017-10-27T16:00:00,0.94,0.936,0.4,MISS
NUAN,2017-05-09,2016-11-14T16:00:00,2017-10-27T16:00:00,0.32,0.381,-16,MISS
DIS,2017-05-09,2016-11-14T16:00:00,2017-10-27T16:00:00,1.5,1.411,6.4,MEET
COHR,2017-05-09,2016-11-14T16:00:00,2017-10-27T16:00:00,2.91,2.445,19,BEAT
HOLX,2017-05-10,2016-11-15T16:00:00,2017-10-30T16:00:00,0.5,0.461,8.5,BEAT
SNPS,2017-05-17,2016-11-22T16:00:00,2017-11-06T16:00:00,0.88,0.858,2.6,MEET
AMAT,2017-05-18,2016-11-23T16:00:00,2017-11-07T16:00:00,0.79,0.765,3.3,MEET
DE,2017-05-19,2016-11-25T16:00:00,2017-11-08T16:00:00,2.15,1.627,32.4,BEAT
A,2017-05-22,2016-11-28T16:00:00,2017-11-09T16:00:00,0.58,0.484,19.8,BEAT
NDSN,2017-05-22,2016-11-28T16:00:00,2017-11-09T16:00:00,1.35,1.306,3.4,MEET
TOL,2017-05-23,2016-11-29T16:00:00,2017-11-10T16:00:00,0.74,0.624,19.1,BEAT
HEI,2017-05-23,2016-11-29T16:00:00,2017-11-10T16:00:00,0.34,0.323,5,MEET
EV,2017-05-24,2016-11-30T16:00:00,2017-11-13T16:00:00,0.62,0.591,4.9,MEET
HPQ,2017-05-24,2016-11-30T16:00:00,2017-11-13T16:00:00,0.4,0.389,2.8,MEET
HRL,2017-05-25,2016-12-01T16:00:00,2017-11-14T16:00:00,0.39,0.399,-2,MISS
TTC,2017-05-25,2016-12-01T16:00:00,2017-11-14T16:00:00,1.08,1.037,4.5,MEET
ADI,2017-05-31,2016-12-06T16:00:00,2017-11-17T16:00:00,1.03,0.844,22,BEAT
HPE,2017-05-31,2016-12-06T16:00:00,2017-11-17T16:00:00,0.35,0.352,-0.6,MISS
AVGO,2017-06-01,2016-12-07T16:00:00,2017-11-20T16:00:00,3.69,3.501,5.4,MEET
COO,2017-06-01,2016-12-07T16:00:00,2017-11-20T16:00:00,2.5,2.25,11.1,BEAT
KEYS,2017-06-06,2016-12-12T16:00:00,2017-11-24T16:00:00,0.64,0.568,12.7,BEAT
LEN,2017-06-20,2016-12-27T16:00:00,2017-12-08T16:00:00,0.9,0.768,17.4,BEAT
ADBE,2017-06-20,2016-12-27T16:00:00,2017-12-08T16:00:00,1.02,0.946,7.8,BEAT
HAIN,2017-06-22,2016-12-29T16:00:00,2017-12-12T16:00:00,0.28,0.566,-50.9,MISS
CCL,2017-06-22,2016-12-29T16:00:00,2017-12-12T16:00:00,0.52,0.474,9.7,BEAT
INFO,2017-06-27,2017-01-04T16:00:00,2017-12-15T16:00:00,0.52,0.523,-0.6,MISS
MKC,2017-06-29,2017-01-06T16:00:00,2017-12-19T16:00:00,0.82,0.762,7.6,BEAT
YUMC,2017-07-05,2017-01-11T16:00:00,2017-12-22T16:00:00,0.27,0.274,-1.5,MISS
PEP,2017-07-11,2017-01-18T16:00:00,2017-12-29T16:00:00,1.5,1.397,7.4,BEAT
FAST,2017-07-12,2017-01-19T16:00:00,2018-01-02T16:00:00,0.52,0.497,4.6,MEET
OZK,2017-07-12,2017-01-19T16:00:00,2018-01-02T16:00:00,0.73,0.73,-0.6,MISS
CBSH,2017-07-13,2017-01-20T16:00:00,2018-01-03T16:00:00,0.68,0.632,7.6,BEAT
DAL,2017-07-13,2017-01-20T16:00:00,2018-01-03T16:00:00,1.64,1.655,-0.9,MISS
FHN,2017-07-14,2017-01-23T16:00:00,2018-01-04T16:00:00,0.27,0.262,4.3,MEET
PNC,2017-07-14,2017-01-23T16:00:00,2018-01-04T16:00:00,2.1,2.016,4.2,MEET
JPM,2017-07-14,2017-01-23T16:00:00,2018-01-04T16:00:00,1.71,1.583,8.2,BEAT
C,2017-07-14,2017-01-23T16:00:00,2018-01-04T16:00:00,1.28,1.208,6,MEET
WFC,2017-07-14,2017-01-23T16:00:00,2018-01-04T16:00:00,1.05,1.009,3.9,MEET
FRC,2017-07-14,2017-01-23T16:00:00,2018-01-04T16:00:00,1.06,1.086,-2.3,MISS
BLK,2017-07-17,2017-01-24T16:00:00,2018-01-05T16:00:00,5.24,5.382,-2.6,MISS
JBHT,2017-07-17,2017-01-24T16:00:00,2018-01-05T16:00:00,0.88,0.913,-3.3,MISS
NFLX,2017-07-17,2017-01-24T16:00:00,2018-01-05T16:00:00,0.15,0.156,-3.8,MISS
ELS,2017-07-17,2017-01-24T16:00:00,2018-01-05T16:00:00,0.81,0.81,0,MISS
BRO,2017-07-17,2017-01-24T16:00:00,2018-01-05T16:00:00,0.25,0.238,2.9,MEET
UNH,2017-07-18,2017-01-25T16:00:00,2018-01-08T16:00:00,2.46,2.379,3.4,MEET
SNV,2017-07-18,2017-01-25T16:00:00,2018-01-08T16:00:00,0.6,0.591,1,MEET
CMA,2017-07-18,2017-01-25T16:00:00,2018-01-08T16:00:00,1.15,1.079,6.6,MEET
JNJ,2017-07-18,2017-01-25T16:00:00,2018-01-08T16:00:00,1.83,1.79,2.2,MEET
BAC,2017-07-18,2017-01-25T16:00:00,2018-01-08T16:00:00,0.48,0.433,11.1,BEAT
HOG,2017-07-18,2017-01-25T16:00:00,2018-01-08T16:00:00,1.48,1.383,6.8,MEET
PACW,2017-07-18,2017-01-25T16:00:00,2018-01-08T16:00:00,0.78,0.708,10.2,BEAT
LMT,2017-07-18,2017-01-25T16:00:00,2018-01-08T16:00:00,3.23,3.108,4.1,MEET
GS,2017-07-18,2017-01-25T16:00:00,2018-01-08T16:00:00,3.95,3.427,15.3,BEAT
PLD,2017-07-18,2017-01-25T16:00:00,2018-01-08T16:00:00,0.84,0.782,7.4,BEAT
PGR,2017-07-18,2017-01-25T16:00:00,2018-01-08T16:00:00,0.59,0.592,0.2,MISS
SCHW,2017-07-18,2017-01-25T16:00:00,2018-01-08T16:00:00,0.39,0.388,0.2,MISS
IBKR,2017-07-18,2017-01-25T16:00:00,2018-01-08T16:00:00,0.41,0.37,10.8,BEAT
CSX,2017-07-18,2017-01-25T16:00:00,2018-01-08T16:00:00,0.64,0.591,8.3,BEAT
IBM,2017-07-18,2017-01-25T16:00:00,2018-01-08T16:00:00,2.97,2.744,8.2,BEAT
UAL,2017-07-18,2017-01-25T16:00:00,2018-01-08T16:00:00,2.75,2.719,1.1,MEET
NAVI,2017-07-18,2017-01-25T16:00:00,2018-01-08T16:00:00,0.43,0.414,3.9,MEET
WTFC,2017-07-18,2017-01-25T16:00:00,2018-01-08T16:00:00,1.11,0.993,11.8,BEAT
PNFP,2017-07-18,2017-01-25T16:00:00,2018-01-08T16:00:00,0.84,0.8,4.9,MEET
SBNY,2017-07-19,2017-01-26T16:00:00,2018-01-09T16:00:00,2.21,2.214,-0.2,MISS
CCI,2017-07-19,2017-01-26T16:00:00,2018-01-09T16:00:00,1.11,1.097,1.2,MEET
TXT,2017-07-19,2017-01-26T16:00:00,2018-01-09T16:00:00,0.6,0.547,9.7,BEAT
USB,2017-07-19,2017-01-26T16:00:00,2018-01-09T16:00:00,0.85,0.844,0.7,MISS
MTB,2017-07-19,2017-01-26T16:00:00,2018-01-09T16:00:00,2.35,2.271,3.5,MEET
MS,2017-07-19,2017-01-26T16:00:00,2018-01-09T16:00:00,0.87,0.765,13.7,BEAT
AGR,2017-07-19,2017-01-26T16:00:00,2018-01-09T16:00:00,0.46,0.398,15.6,BEAT
NTRS,2017-07-19,2017-01-26T16:00:00,2018-01-09T16:00:00,1.23,1.229,-0.2,MISS
GWW,2017-07-19,2017-01-26T16:00:00,2018-01-09T16:00:00,2.74,2.646,3.6,MEET
SRPT,2017-07-19,2017-01-26T16:00:00,2018-01-09T16:00:00,-0.6,-0.907,33.8,BEAT
TCBI,2017-07-19,2017-01-26T16:00:00,2018-01-09T16:00:00,0.97,0.948,2.2,MEET
AXP,2017-07-19,2017-01-26T16:00:00,2018-01-09T16:00:00,1.47,1.439,2.2,MEET
KMI,2017-07-19,2017-01-26T16:00:00,2018-01-09T16:00:00,0.14,0.147,-4.8,MISS
TMUS,2017-07-19,2017-01-26T16:00:00,2018-01-09T16:00:00,0.65,0.359,81.2,BEAT
AA,2017-07-19,2017-01-26T16:00:00,2018-01-09T16:00:00,0.62,0.581,6.7,MEET
FNF,2017-07-19,2017-01-26T16:00:00,2018-01-09T16:00:00,0.75,0.72,4.2,MEET
URI,2017-07-19,2017-01-26T16:00:00,2018-01-09T16:00:00,2.37,2.319,2.2,MEET
UMPQ,2017-07-19,2017-01-26T16:00:00,2018-01-09T16:00:00,0.27,0.268,-0.5,MISS
CHRW,2017-07-19,2017-01-26T16:00:00,2018-01-09T16:00:00,0.78,0.899,-12.7,MISS
SLM,2017-07-19,2017-01-26T16:00:00,2018-01-09T16:00:00,0.16,0.164,-2.4,MISS
SLG,2017-07-19,2017-01-26T16:00:00,2018-01-09T16:00:00,1.78,1.613,10.4,BEAT
CCK,2017-07-19,2017-01-26T16:00:00,2018-01-09T16:00:00,1.12,1.098,2,MEET
VMI,2017-07-19,2017-01-26T16:00:00,2018-01-09T16:00:00,2.01,1.952,3,MEET
STLD,2017-07-19,2017-01-26T16:00:00,2018-01-09T16:00:00,0.63,0.63,0,MISS
FNB,2017-07-20,2017-01-27T16:00:00,2018-01-10T16:00:00,0.23,0.23,0,MISS
EWBC,2017-07-20,2017-01-27T16:00:00,2018-01-10T16:00:00,0.81,0.802,0.7,MISS
DHR,2017-07-20,2017-01-27T16:00:00,2018-01-10T16:00:00,0.99,0.969,2.2,MEET
PII,2017-07-20,2017-01-27T16:00:00,2018-01-10T16:00:00,1.16,1.078,7.6,BEAT
BBT,2017-07-20,2017-01-27T16:00:00,2018-01-10T16:00:00,0.78,0.768,1.6,MEET
SNA,2017-07-20,2017-01-27T16:00:00,2018-01-10T16:00:00,2.6,2.556,1.6,MEET
KEY,2017-07-20,2017-01-27T16:00:00,2018-01-10T16:00:00,0.34,0.337,0.9,MISS
BK,2017-07-20,2017-01-27T16:00:00,2018-01-10T16:00:00,0.93,0.843,10.3,BEAT
OMC,2017-07-20,2017-01-27T16:00:00,2018-01-10T16:00:00,1.4,1.379,1.7,MEET
DOV,2017-07-20,2017-01-27T16:00:00,2018-01-10T16:00:00,1.04,1.007,3.3,MEET
WBC,2017-07-20,2017-01-27T16:00:00,2018-01-10T16:00:00,1.69,1.536,10,BEAT
SON,2017-07-20,2017-01-27T16:00:00,2018-01-10T16:00:00,0.71,0.701,1.3,MEET
TRV,2017-07-20,2017-01-27T16:00:00,2018-01-10T16:00:00,1.92,2.12,-9.4,MISS
PM,2017-07-20,2017-01-27T16:00:00,2018-01-10T16:00:00,1.14,1.228,-7.2,MISS
SHW,2017-07-20,2017-01-27T16:00:00,2018-01-10T16:00:00,4.52,4.638,-2.5,MISS
POOL,2017-07-20,2017-01-27T16:00:00,2018-01-10T16:00:00,2.21,2.239,-1.4,MISS
ADS,2017-07-20,2017-01-27T16:00:00,2018-01-10T16:00:00,3.84,3.728,3,MEET
ABT,2017-07-20,2017-01-27T16:00:00,2018-01-10T16:00:00,0.62,0.605,2.5,MEET
UNP,2017-07-20,2017-01-27T16:00:00,2018-01-10T16:00:00,1.45,1.393,3.9,MEET
GPC,2017-07-20,2017-01-27T16:00:00,2018-01-10T16:00:00,1.29,1.313,-1.8,MISS
NUE,2017-07-20,2017-01-27T16:00:00,2018-01-10T16:00:00,1.01,1.063,-5.4,MISS
PBCT,2017-07-20,2017-01-27T16:00:00,2018-01-10T16:00:00,0.24,0.228,7,MEET
ATHN,2017-07-20,2017-01-27T16:00:00,2018-01-10T16:00:00,0.51,0.392,30.1,BEAT
ETFC,2017-07-20,2017-01-27T16:00:00,2018-01-10T16:00:00,0.52,0.481,7.8,BEAT
ISRG,2017-07-20,2017-01-27T16:00:00,2018-01-10T16:00:00,1.98,1.928,2.9,MEET
SKX,2017-07-20,2017-01-27T16:00:00,2018-01-10T16:00:00,0.38,0.441,-13.6,MISS
MANH,2017-07-20,2017-01-27T16:00:00,2018-01-10T16:00:00,0.5,0.478,4.6,MEET
COF,2017-07-20,2017-01-27T16:00:00,2018-01-10T16:00:00,1.96,1.898,3.5,MEET
BDN,2017-07-20,2017-01-27T16:00:00,2018-01-10T16:00:00,0.32,0.333,-3.9,MISS
NCR,2017-07-20,2017-01-27T16:00:00,2018-01-10T16:00:00,0.8,0.756,5.8,MEET
EBAY,2017-07-20,2017-01-27T16:00:00,2018-01-10T16:00:00,0.45,0.446,0.9,MISS
ASB,2017-07-20,2017-01-27T16:00:00,2018-01-10T16:00:00,0.36,0.359,0.3,MISS
WAL,2017-07-20,2017-01-27T16:00:00,2018-01-10T16:00:00,0.76,0.726,4.9,MEET
STI,2017-07-21,2017-01-30T16:00:00,2018-01-11T16:00:00,1.03,0.987,4.4,MEET
RF,2017-07-21,2017-01-30T16:00:00,2018-01-11T16:00:00,0.25,0.24,4.2,MEET
CFG,2017-07-21,2017-01-30T16:00:00,2018-01-11T16:00:00,0.63,0.594,5.5,MEET
HON,2017-07-21,2017-01-30T16:00:00,2018-01-11T16:00:00,1.8,1.778,1.2,MEET
SYF,2017-07-21,2017-01-30T16:00:00,2018-01-11T16:00:00,0.61,0.572,6.6,MEET
FITB,2017-07-21,2017-01-30T16:00:00,2018-01-11T16:00:00,0.46,0.425,8.2,BEAT
GE,2017-07-21,2017-01-30T16:00:00,2018-01-11T16:00:00,0.28,0.251,11.6,BEAT
CL,2017-07-21,2017-01-30T16:00:00,2018-01-11T16:00:00,0.72,0.721,-0.1,MISS
SLB,2017-07-21,2017-01-30T16:00:00,2018-01-11T16:00:00,0.35,0.298,17.4,BEAT
MCO,2017-07-21,2017-01-30T16:00:00,2018-01-11T16:00:00,1.51,1.338,12.9,BEAT
WBS,2017-07-21,2017-01-30T16:00:00,2018-01-11T16:00:00,0.64,0.605,6.3,MEET
HBAN,2017-07-21,2017-01-30T16:00:00,2018-01-11T16:00:00,0.26,0.232,12.1,BEAT
KSU,2017-07-21,2017-01-30T16:00:00,2018-01-11T16:00:00,1.33,1.281,3.8,MEET
GNTX,2017-07-21,2017-01-30T16:00:00,2018-01-11T16:00:00,0.31,0.317,-2.2,MISS
NVR,2017-07-21,2017-01-30T16:00:00,2018-01-11T16:00:00,35.19,29.025,21.2,BEAT
SWK,2017-07-24,2017-01-31T16:00:00,2018-01-12T16:00:00,2.01,1.964,2.3,MEET
HAS,2017-07-24,2017-01-31T16:00:00,2018-01-12T16:00:00,0.53,0.454,17.1,BEAT
HAL,2017-07-24,2017-01-31T16:00:00,2018-01-12T16:00:00,0.23,0.18,27.8,BEAT
VFC,2017-07-24,2017-01-31T16:00:00,2018-01-12T16:00:00,0.29,0.284,2.1,MEET
MAN,2017-07-24,2017-01-31T16:00:00,2018-01-12T16:00:00,1.72,1.741,-1.2,MISS
TCF,2017-07-24,2017-01-31T16:00:00,2018-01-12T16:00:00,0.33,0.299,10.1,BEAT
LII,2017-07-24,2017-01-31T16:00:00,2018-01-12T16:00:00,2.83,2.759,2.6,MEET
ITW,2017-07-24,2017-01-31T16:00:00,2018-01-12T16:00:00,1.66,1.636,1.5,MEET
BOH,2017-07-24,2017-01-31T16:00:00,2018-01-12T16:00:00,1.05,1.028,1.9,MEET
ARNC,2017-07-24,2017-01-31T16:00:00,2018-01-12T16:00:00,0.32,0.27,18.5,BEAT
GOOGL,2017-07-24,2017-01-31T16:00:00,2018-01-12T16:00:00,5.01,4.45,12.6,BEAT
APC,2017-07-24,2017-01-31T16:00:00,2018-01-12T16:00:00,-0.77,-0.332,-131.9,MISS
KNX,2017-07-24,2017-01-31T16:00:00,2018-01-12T16:00:00,0.35,0.283,22.7,BEAT
CDNS,2017-07-24,2017-01-31T16:00:00,2018-01-12T16:00:00,0.34,0.323,5.3,MEET
CE,2017-07-24,2017-01-31T16:00:00,2018-01-12T16:00:00,1.79,1.756,1.9,MEET
EQC,2017-07-24,2017-01-31T16:00:00,2018-01-12T16:00:00,0.22,0.263,-16.3,MISS
RE,2017-07-24,2017-01-31T16:00:00,2018-01-12T16:00:00,5.51,5.236,5.2,MEET
HXL,2017-07-24,2017-01-31T16:00:00,2018-01-12T16:00:00,0.67,0.689,-2.8,MISS
CR,2017-07-24,2017-01-31T16:00:00,2018-01-12T16:00:00,1.17,1.172,-0.2,MISS
ST,2017-07-25,2017-02-01T16:00:00,2018-01-16T16:00:00,0.81,0.784,3.3,MEET
CNC,2017-07-25,2017-02-01T16:00:00,2018-01-16T16:00:00,1.59,1.325,20,BEAT
LLY,2017-07-25,2017-02-01T16:00:00,2018-01-16T16:00:00,1.11,1.049,5.8,MEET
BIIB,2017-07-25,2017-02-01T16:00:00,2018-01-16T16:00:00,5.04,4.402,14.5,BEAT
PHM,2017-07-25,2017-02-01T16:00:00,2018-01-16T16:00:00,0.47,0.448,4.9,MEET
GPK,2017-07-25,2017-02-01T16:00:00,2018-01-16T16:00:00,0.15,0.146,2.7,MEET
CIT,2017-07-25,2017-02-01T16:00:00,2018-01-16T16:00:00,0.68,0.591,15.1,BEAT
DGX,2017-07-25,2017-02-01T16:00:00,2018-01-16T16:00:00,1.55,1.416,9.5,BEAT
AVY,2017-07-25,2017-02-01T16:00:00,2018-01-16T16:00:00,1.31,1.209,8.4,BEAT
TRU,2017-07-25,2017-02-01T16:00:00,2018-01-16T16:00:00,0.47,0.432,8.8,BEAT
WAT,2017-07-25,2017-02-01T16:00:00,2018-01-16T16:00:00,1.76,1.709,3,MEET
UTX,2017-07-25,2017-02-01T16:00:00,2018-01-16T16:00:00,1.85,1.777,4.1,MEET
PNR,2017-07-25,2017-02-01T16:00:00,2018-01-16T16:00:00,1,0.997,0.3,MISS
IPG,2017-07-25,2017-02-01T16:00:00,2018-01-16T16:00:00,0.27,0.343,-21.3,MISS
LECO,2017-07-25,2017-02-01T16:00:00,2018-01-16T16:00:00,0.97,0.938,3.4,MEET
HUBB,2017-07-25,2017-02-01T16:00:00,2018-01-16T16:00:00,1.43,1.403,1.9,MEET
CAT,2017-07-25,2017-02-01T16:00:00,2018-01-16T16:00:00,1.49,1.248,19.4,BEAT
MMM,2017-07-25,2017-02-01T16:00:00,2018-01-16T16:00:00,2.58,2.59,-0.4,MISS
WSO,2017-07-25,2017-02-01T16:00:00,2018-01-16T16:00:00,2.07,2.041,1.2,MEET
KMB,2017-07-25,2017-02-01T16:00:00,2018-01-16T16:00:00,1.49,1.491,-0.1,MISS
JBLU,2017-07-25,2017-02-01T16:00:00,2018-01-16T16:00:00,0.64,0.584,9,BEAT
DPZ,2017-07-25,2017-02-01T16:00:00,2018-01-16T16:00:00,1.32,1.231,7.5,BEAT
GM,2017-07-25,2017-02-01T16:00:00,2018-01-16T16:00:00,1.89,1.696,11.4,BEAT
TROW,2017-07-25,2017-02-01T16:00:00,2018-01-16T16:00:00,1.34,1.296,3.2,MEET
WAB,2017-07-25,2017-02-01T16:00:00,2018-01-16T16:00:00,0.8,0.939,-14.6,MISS
LPT,2017-07-25,2017-02-01T16:00:00,2018-01-16T16:00:00,0.65,0.615,5.7,MEET
MCD,2017-07-25,2017-02-01T16:00:00,2018-01-16T16:00:00,1.73,1.617,7.2,BEAT
PCAR,2017-07-25,2017-02-01T16:00:00,2018-01-16T16:00:00,1.06,0.987,7.1,BEAT
NEM,2017-07-25,2017-02-01T16:00:00,2018-01-16T16:00:00,0.46,0.261,76.2,BEAT
FCX,2017-07-25,2017-02-01T16:00:00,2018-01-16T16:00:00,0.17,0.202,-15.8,MISS
HCA,2017-07-25,2017-02-01T16:00:00,2018-01-16T16:00:00,1.75,1.803,-2.9,MISS
TSS,2017-07-25,2017-02-01T16:00:00,2018-01-16T16:00:00,0.85,0.802,6,MEET
CSL,2017-07-25,2017-02-01T16:00:00,2018-01-16T16:00:00,1.58,1.598,-1.1,MISS
AMGN,2017-07-25,2017-02-01T16:00:00,2018-01-16T16:00:00,3.27,3.108,5.2,MEET
CB,2017-07-25,2017-02-01T16:00:00,2018-01-16T16:00:00,2.5,2.463,1.5,MEET
T,2017-07-25,2017-02-01T16:00:00,2018-01-16T16:00:00,0.79,0.736,7.3,BEAT
TXN,2017-07-25,2017-02-01T16:00:00,2018-01-16T16:00:00,1.03,0.953,8.1,BEAT
WRB,2017-07-25,2017-02-01T16:00:00,2018-01-16T16:00:00,0.68,0.767,-11.6,MISS
AKAM,2017-07-25,2017-02-01T16:00:00,2018-01-16T16:00:00,0.62,0.604,2.6,MEET
ESRX,2017-07-25,2017-02-01T16:00:00,2018-01-16T16:00:00,1.73,1.714,0.9,MISS
EXAS,2017-07-25,2017-02-01T16:00:00,2018-01-16T16:00:00,-0.27,-0.351,23.1,BEAT
CMG,2017-07-25,2017-02-01T16:00:00,2018-01-16T16:00:00,2.32,2.177,6.6,MEET
WYNN,2017-07-25,2017-02-01T16:00:00,2018-01-16T16:00:00,1.18,1.175,0.4,MISS
AMP,2017-07-25,2017-02-01T16:00:00,2018-01-16T16:00:00,2.8,2.624,6.7,MEET
ZION,2017-07-25,2017-02-01T16:00:00,2018-01-16T16:00:00,0.73,0.621,17.6,BEAT
STL,2017-07-25,2017-02-01T16:00:00,2018-01-16T16:00:00,0.33,0.33,0,MISS
CHE,2017-07-25,2017-02-01T16:00:00,2018-01-16T16:00:00,2.15,1.89,13.8,BEAT
EQR,2017-07-25,2017-02-01T16:00:00,2018-01-16T16:00:00,0.77,0.771,-0.1,MISS
RHI,2017-07-25,2017-02-01T16:00:00,2018-01-16T16:00:00,0.64,0.659,-2.6,MISS
JNPR,2017-07-25,2017-02-01T16:00:00,2018-01-16T16:00:00,0.57,0.542,5.2,MEET
CLGX,2017-07-25,2017-02-01T16:00:00,2018-01-16T16:00:00,0.72,0.661,8.9,BEAT
AMD,2017-07-25,2017-02-01T16:00:00,2018-01-16T16:00:00,0.02,0.001,1900,BEAT
TRN,2017-07-25,2017-02-01T16:00:00,2018-01-16T16:00:00,0.33,0.304,8.6,BEAT
RNR,2017-07-25,2017-02-01T16:00:00,2018-01-16T16:00:00,2.79,2.354,18.5,BEAT
X,2017-07-25,2017-02-01T16:00:00,2018-01-16T16:00:00,1.07,0.358,198.9,BEAT
HIW,2017-07-25,2017-02-01T16:00:00,2018-01-16T16:00:00,0.9,0.844,6.6,MEET
UHS,2017-07-25,2017-02-01T16:00:00,2018-01-16T16:00:00,1.94,2.063,-6,MISS
IEX,2017-07-25,2017-02-01T16:00:00,2018-01-16T16:00:00,1.08,1.06,1.9,MEET
MKSI,2017-07-25,2017-02-01T16:00:00,2018-01-16T16:00:00,1.41,1.406,0.3,MISS
EEFT,2017-07-25,2017-02-01T16:00:00,2018-01-16T16:00:00,1.09,1.067,2.2,MEET
TMO,2017-07-26,2017-02-02T16:00:00,2018-01-17T16:00:00,2.3,2.267,1.5,MEET
ANTM,2017-07-26,2017-02-02T16:00:00,2018-01-17T16:00:00,3.37,3.233,4.2,MEET
HLT,2017-07-26,2017-02-02T16:00:00,2018-01-17T16:00:00,0.52,0.499,4.2,MEET
IART,2017-07-26,2017-02-02T16:00:00,2018-01-17T16:00:00,0.45,0.447,0.7,MISS
IR,2017-07-26,2017-02-02T16:00:00,2018-01-17T16:00:00,1.5,1.455,3.1,MEET
PB,2017-07-26,2017-02-02T16:00:00,2018-01-17T16:00:00,1.02,0.999,2.3,MEET
MKTX,2017-07-26,2017-02-02T16:00:00,2018-01-17T16:00:00,1,0.918,8.8,BEAT
RES,2017-07-26,2017-02-02T16:00:00,2018-01-17T16:00:00,0.19,0.13,46.4,BEAT
BKU,2017-07-26,2017-02-02T16:00:00,2018-01-17T16:00:00,0.6,0.56,7.5,BEAT
AOS,2017-07-26,2017-02-02T16:00:00,2018-01-17T16:00:00,0.53,0.528,0.1,MISS
TKR,2017-07-26,2017-02-02T16:00:00,2018-01-17T16:00:00,0.68,0.67,1.5,MEET
KO,2017-07-26,2017-02-02T16:00:00,2018-01-17T16:00:00,0.59,0.575,2.6,MEET
LH,2017-07-26,2017-02-02T16:00:00,2018-01-17T16:00:00,2.47,2.406,2.7,MEET
HSY,2017-07-26,2017-02-02T16:00:00,2018-01-17T16:00:00,1.09,0.896,21.7,BEAT
WEC,2017-07-26,2017-02-02T16:00:00,2018-01-17T16:00:00,0.63,0.584,7.4,BEAT
SLGN,2017-07-26,2017-02-02T16:00:00,2018-01-17T16:00:00,0.35,0.352,-0.6,MISS
NYCB,2017-07-26,2017-02-02T16:00:00,2018-01-17T16:00:00,0.22,0.195,12.8,BEAT
DTE,2017-07-26,2017-02-02T16:00:00,2018-01-17T16:00:00,1.07,0.999,7.1,BEAT
NOC,2017-07-26,2017-02-02T16:00:00,2018-01-17T16:00:00,3.15,2.858,10.1,BEAT
STT,2017-07-26,2017-02-02T16:00:00,2018-01-17T16:00:00,1.67,1.572,6.2,MEET
SIX,2017-07-26,2017-02-02T16:00:00,2018-01-17T16:00:00,0.59,0.716,-18.2,MISS
LEA,2017-07-26,2017-02-02T16:00:00,2018-01-17T16:00:00,4.39,4.111,6.8,MEET
F,2017-07-26,2017-02-02T16:00:00,2018-01-17T16:00:00,0.56,0.43,30.2,BEAT
BAX,2017-07-26,2017-02-02T16:00:00,2018-01-17T16:00:00,0.63,0.567,11.1,BEAT
GLW,2017-07-26,2017-02-02T16:00:00,2018-01-17T16:00:00,0.42,0.403,4.2,MEET
WM,2017-07-26,2017-02-02T16:00:00,2018-01-17T16:00:00,0.82,0.813,1.1,MEET
NDAQ,2017-07-26,2017-02-02T16:00:00,2018-01-17T16:00:00,1.02,0.966,5.6,MEET
HES,2017-07-26,2017-02-02T16:00:00,2018-01-17T16:00:00,-1.46,-1.295,-12.7,MISS
NEE,2017-07-26,2017-02-02T16:00:00,2018-01-17T16:00:00,1.86,1.756,5.9,MEET
BA,2017-07-26,2017-02-02T16:00:00,2018-01-17T16:00:00,2.55,2.299,10.9,BEAT
ROL,2017-07-26,2017-02-02T16:00:00,2018-01-17T16:00:00,0.25,0.245,0.4,MISS
GD,2017-07-26,2017-02-02T16:00:00,2018-01-17T16:00:00,2.45,2.422,1.2,MEET
OC,2017-07-26,2017-02-02T16:00:00,2018-01-17T16:00:00,1.2,1.076,11.5,BEAT
FLIR,2017-07-26,2017-02-02T16:00:00,2018-01-17T16:00:00,0.42,0.416,1,MEET
SITC,2017-07-26,2017-02-02T16:00:00,2018-01-17T16:00:00,0.6,0.551,8.9,BEAT
BOKF,2017-07-26,2017-02-02T16:00:00,2018-01-17T16:00:00,1.36,1.3,4.6,MEET
R,2017-07-26,2017-02-02T16:00:00,2018-01-17T16:00:00,1,0.95,5.3,MEET
USG,2017-07-26,2017-02-02T16:00:00,2018-01-17T16:00:00,0.44,0.514,-14.4,MISS
ALK,2017-07-26,2017-02-02T16:00:00,2018-01-17T16:00:00,2.51,2.518,-0.3,MISS
APH,2017-07-26,2017-02-02T16:00:00,2018-01-17T16:00:00,0.81,0.721,12.3,BEAT
BPOP,2017-07-26,2017-02-02T16:00:00,2018-01-17T16:00:00,0.94,0.915,2.7,MEET
BGCP,2017-07-26,2017-02-02T16:00:00,2018-01-17T16:00:00,0.24,0.24,0,MISS
NSC,2017-07-26,2017-02-02T16:00:00,2018-01-17T16:00:00,1.68,1.652,1.8,MEET
NOW,2017-07-26,2017-02-02T16:00:00,2018-01-17T16:00:00,0.22,0.199,10.6,BEAT
KIM,2017-07-26,2017-02-02T16:00:00,2018-01-17T16:00:00,0.41,0.378,8.5,BEAT
VRTX,2017-07-26,2017-02-02T16:00:00,2018-01-17T16:00:00,0.39,0.353,10.5,BEAT
AGNC,2017-07-26,2017-02-02T16:00:00,2018-01-17T16:00:00,0.67,0.606,10.6,BEAT
SEIC,2017-07-26,2017-02-02T16:00:00,2018-01-17T16:00:00,0.57,0.552,2.8,MEET
GILD,2017-07-26,2017-02-02T16:00:00,2018-01-17T16:00:00,2.56,2.141,19.6,BEAT
WLL,2017-07-26,2017-02-02T16:00:00,2018-01-17T16:00:00,-0.72,-0.777,7.3,BEAT
TSCO,2017-07-26,2017-02-02T16:00:00,2018-01-17T16:00:00,1.25,1.268,-1.6,MISS
LVS,2017-07-26,2017-02-02T16:00:00,2018-01-17T16:00:00,0.73,0.59,23.7,BEAT
SCI,2017-07-26,2017-02-02T16:00:00,2018-01-17T16:00:00,0.35,0.303,15.5,BEAT
O,2017-07-26,2017-02-02T16:00:00,2018-01-17T16:00:00,0.75,0.762,-1.6,MISS
PYPL,2017-07-26,2017-02-02T16:00:00,2018-01-17T16:00:00,0.46,0.427,7.7,BEAT
FB,2017-07-26,2017-02-02T16:00:00,2018-01-17T16:00:00,1.32,1.131,16.7,BEAT
DRE,2017-07-26,2017-02-02T16:00:00,2018-01-17T16:00:00,0.32,0.306,4.6,MEET
TMK,2017-07-26,2017-02-02T16:00:00,2018-01-17T16:00:00,1.19,1.168,1.9,MEET
SUI,2017-07-26,2017-02-02T16:00:00,2018-01-17T16:00:00,0.96,0.945,1.6,MEET
CSGP,2017-07-26,2017-02-02T16:00:00,2018-01-17T16:00:00,0.86,0.626,37.4,BEAT
CW,2017-07-26,2017-02-02T16:00:00,2018-01-17T16:00:00,1.13,0.966,17,BEAT
KEX,2017-07-26,2017-02-02T16:00:00,2018-01-17T16:00:00,0.48,0.476,1.3,MEET
AXS,2017-07-26,2017-02-02T16:00:00,2018-01-17T16:00:00,1.31,1.193,9.8,BEAT
AHL,2017-07-26,2017-02-02T16:00:00,2018-01-17T16:00:00,0.47,0.95,-50.5,MISS
FTNT,2017-07-26,2017-02-02T16:00:00,2018-01-17T16:00:00,0.27,0.198,36.4,BEAT
EFX,2017-07-26,2017-02-02T16:00:00,2018-01-17T16:00:00,1.6,1.57,1.9,MEET
ESRT,2017-07-26,2017-02-02T16:00:00,2018-01-17T16:00:00,0.25,0.241,3.7,MEET
GGG,2017-07-26,2017-02-02T16:00:00,2018-01-17T16:00:00,0.46,0.355,29.6,BEAT
LSTR,2017-07-26,2017-02-02T16:00:00,2018-01-17T16:00:00,0.89,0.886,0.5,MISS
EW,2017-07-26,2017-02-02T16:00:00,2018-01-17T16:00:00,1.08,0.881,22.6,BEAT
UDR,2017-07-26,2017-02-02T16:00:00,2018-01-17T16:00:00,0.47,0.466,0.9,MISS
TYL,2017-07-26,2017-02-02T16:00:00,2018-01-17T16:00:00,0.91,0.936,-2.8,MISS
DFS,2017-07-26,2017-02-02T16:00:00,2018-01-17T16:00:00,1.4,1.443,-2.7,MISS
MAA,2017-07-26,2017-02-02T16:00:00,2018-01-17T16:00:00,1.48,1.44,2.8,MEET
MPWR,2017-07-26,2017-02-02T16:00:00,2018-01-17T16:00:00,0.68,0.672,1.2,MEET
WHR,2017-07-26,2017-02-02T16:00:00,2018-01-17T16:00:00,3.35,3.536,-5.3,MISS
HST,2017-07-26,2017-02-02T16:00:00,2018-01-17T16:00:00,0.49,0.466,5.2,MEET
ORLY,2017-07-26,2017-02-02T16:00:00,2018-01-17T16:00:00,3.04,2.891,5.1,MEET
OHI,2017-07-26,2017-02-02T16:00:00,2018-01-17T16:00:00,0.73,0.81,-9.9,MISS
ACGL,2017-07-26,2017-02-02T16:00:00,2018-01-17T16:00:00,0.4,0.391,3.2,MEET
MKL,2017-07-26,2017-02-02T16:00:00,2018-01-17T16:00:00,9.49,6.403,48.2,BEAT
TER,2017-07-26,2017-02-02T16:00:00,2018-01-17T16:00:00,0.9,0.864,4.2,MEET
KRC,2017-07-26,2017-02-02T16:00:00,2018-01-17T16:00:00,0.87,0.863,0.8,MISS
PKG,2017-07-26,2017-02-02T16:00:00,2018-01-17T16:00:00,1.52,1.473,3.2,MEET
PSA,2017-07-26,2017-02-02T16:00:00,2018-01-17T16:00:00,2.51,2.544,-1.3,MISS
SCCO,2017-07-26,2017-02-02T16:00:00,2018-01-17T16:00:00,0.39,0.417,-7,MISS
GRA,2017-07-27,2017-02-03T16:00:00,2018-01-18T16:00:00,0.84,0.798,5.3,MEET
ALLE,2017-07-27,2017-02-03T16:00:00,2018-01-18T16:00:00,1.11,1.002,10.8,BEAT
WST,2017-07-27,2017-02-03T16:00:00,2018-01-18T16:00:00,0.66,0.648,1.9,MEET
PTEN,2017-07-27,2017-02-03T16:00:00,2018-01-18T16:00:00,-0.2,-0.297,32.9,BEAT
UTHR,2017-07-27,2017-02-03T16:00:00,2018-01-18T16:00:00,-1.25,3.689,-133.9,MISS
XEL,2017-07-27,2017-02-03T16:00:00,2018-01-18T16:00:00,0.45,0.419,6.5,MEET
HUN,2017-07-27,2017-02-03T16:00:00,2018-01-18T16:00:00,0.85,0.649,31,BEAT
BMS,2017-07-27,2017-02-03T16:00:00,2018-01-18T16:00:00,0.48,0.553,-13.2,MISS
WCC,2017-07-27,2017-02-03T16:00:00,2018-01-18T16:00:00,1.01,0.974,4.1,MEET
EVR,2017-07-27,2017-02-03T16:00:00,2018-01-18T16:00:00,1.06,0.843,25.7,BEAT
CMCSA,2017-07-27,2017-02-03T16:00:00,2018-01-18T16:00:00,0.52,0.485,7.7,BEAT
DNKN,2017-07-27,2017-02-03T16:00:00,2018-01-18T16:00:00,0.64,0.623,2.7,MEET
CRI,2017-07-27,2017-02-03T16:00:00,2018-01-18T16:00:00,0.79,0.705,12.1,BEAT
LUV,2017-07-27,2017-02-03T16:00:00,2018-01-18T16:00:00,1.24,1.196,3.7,MEET
WEX,2017-07-27,2017-02-03T16:00:00,2018-01-18T16:00:00,1.26,1.245,1.2,MEET
BSX,2017-07-27,2017-02-03T16:00:00,2018-01-18T16:00:00,0.32,0.311,2.9,MEET
NLSN,2017-07-27,2017-02-03T16:00:00,2018-01-18T16:00:00,0.37,0.363,1.9,MEET
VZ,2017-07-27,2017-02-03T16:00:00,2018-01-18T16:00:00,0.96,0.96,0,MISS
ALXN,2017-07-27,2017-02-03T16:00:00,2018-01-18T16:00:00,1.56,1.255,24.3,BEAT
BWA,2017-07-27,2017-02-03T16:00:00,2018-01-18T16:00:00,0.96,0.893,7.5,BEAT
EQT,2017-07-27,2017-02-03T16:00:00,2018-01-18T16:00:00,0.06,0.065,-7.7,MISS
MPC,2017-07-27,2017-02-03T16:00:00,2018-01-18T16:00:00,1.02,1.066,-4,MISS
FAF,2017-07-27,2017-02-03T16:00:00,2018-01-18T16:00:00,1.09,0.93,17.2,BEAT
LAZ,2017-07-27,2017-02-03T16:00:00,2018-01-18T16:00:00,0.98,0.794,23.4,BEAT
RS,2017-07-27,2017-02-03T16:00:00,2018-01-18T16:00:00,1.4,1.369,2.3,MEET
VLO,2017-07-27,2017-02-03T16:00:00,2018-01-18T16:00:00,1.23,1.444,-14.8,MISS
CBRE,2017-07-27,2017-02-03T16:00:00,2018-01-18T16:00:00,0.65,0.531,22.4,BEAT
RTN,2017-07-27,2017-02-03T16:00:00,2018-01-18T16:00:00,1.89,1.756,7.8,BEAT
IVZ,2017-07-27,2017-02-03T16:00:00,2018-01-18T16:00:00,0.64,0.612,4.6,MEET
LLL,2017-07-27,2017-02-03T16:00:00,2018-01-18T16:00:00,2.54,2.028,25.2,BEAT
VC,2017-07-27,2017-02-03T16:00:00,2018-01-18T16:00:00,1.38,1.268,8.8,BEAT
TDC,2017-07-27,2017-02-03T16:00:00,2018-01-18T16:00:00,0.22,0.279,-21.1,MISS
AEP,2017-07-27,2017-02-03T16:00:00,2018-01-18T16:00:00,0.75,0.816,-8.1,MISS
BMY,2017-07-27,2017-02-03T16:00:00,2018-01-18T16:00:00,0.74,0.737,0.4,MISS
IP,2017-07-27,2017-02-03T16:00:00,2018-01-18T16:00:00,0.65,0.647,0.5,MISS
PAG,2017-07-27,2017-02-03T16:00:00,2018-01-18T16:00:00,1.23,1.207,1.9,MEET
GLPI,2017-07-27,2017-02-03T16:00:00,2018-01-18T16:00:00,0.57,0.573,0.1,MISS
ODFL,2017-07-27,2017-02-03T16:00:00,2018-01-18T16:00:00,1.19,1.097,8.8,BEAT
MMC,2017-07-27,2017-02-03T16:00:00,2018-01-18T16:00:00,1,1.004,-0.4,MISS
AMT,2017-07-27,2017-02-03T16:00:00,2018-01-18T16:00:00,1.58,1.507,4.8,MEET
COP,2017-07-27,2017-02-03T16:00:00,2018-01-18T16:00:00,0.14,-0.018,877.8,BEAT
COR,2017-07-27,2017-02-03T16:00:00,2018-01-18T16:00:00,1.1,1.089,1,MEET
MO,2017-07-27,2017-02-03T16:00:00,2018-01-18T16:00:00,0.85,0.859,-1,MISS
MAS,2017-07-27,2017-02-03T16:00:00,2018-01-18T16:00:00,0.6,0.596,0.7,MISS
ALKS,2017-07-27,2017-02-03T16:00:00,2018-01-18T16:00:00,0.01,-0.006,266.7,BEAT
SIRI,2017-07-27,2017-02-03T16:00:00,2018-01-18T16:00:00,0.04,0.042,1.6,MEET
LKQ,2017-07-27,2017-02-03T16:00:00,2018-01-18T16:00:00,0.53,0.519,2.1,MEET
TPX,2017-07-27,2017-02-03T16:00:00,2018-01-18T16:00:00,0.45,0.407,10.6,BEAT
LSXMA,2017-07-27,2017-02-03T16:00:00,2018-01-18T16:00:00,0.36,0.4,-9.4,MISS
TWTR,2017-07-27,2017-02-03T16:00:00,2018-01-18T16:00:00,0.08,0.046,73.9,BEAT
SPGI,2017-07-27,2017-02-03T16:00:00,2018-01-18T16:00:00,1.72,1.576,9.1,BEAT
ZBH,2017-07-27,2017-02-03T16:00:00,2018-01-18T16:00:00,2.08,2.085,-0.2,MISS
CELG,2017-07-27,2017-02-03T16:00:00,2018-01-18T16:00:00,1.82,1.775,2.5,MEET
BC,2017-07-27,2017-02-03T16:00:00,2018-01-18T16:00:00,1.35,1.334,1,MEET
UPS,2017-07-27,2017-02-03T16:00:00,2018-01-18T16:00:00,1.58,1.468,7.6,BEAT
AGCO,2017-07-27,2017-02-03T16:00:00,2018-01-18T16:00:00,1.15,1.039,10.7,BEAT
ALLY,2017-07-27,2017-02-03T16:00:00,2018-01-18T16:00:00,0.58,0.524,10.7,BEAT
CHTR,2017-07-27,2017-02-03T16:00:00,2018-01-18T16:00:00,0.52,0.768,-32.3,MISS
MA,2017-07-27,2017-02-03T16:00:00,2018-01-18T16:00:00,1.1,1.044,5.4,MEET
PCG,2017-07-27,2017-02-03T16:00:00,2018-01-18T16:00:00,0.86,0.781,10.1,BEAT
MGM,2017-07-27,2017-02-03T16:00:00,2018-01-18T16:00:00,0.34,0.301,13.6,BEAT
CFR,2017-07-27,2017-02-03T16:00:00,2018-01-18T16:00:00,1.28,1.286,-0.1,MISS
ORI,2017-07-27,2017-02-03T16:00:00,2018-01-18T16:00:00,0.34,0.36,-5.6,MISS
QGEN,2017-07-27,2017-02-03T16:00:00,2018-01-18T16:00:00,0.25,0.287,-12.9,MISS
ALGN,2017-07-27,2017-02-03T16:00:00,2018-01-18T16:00:00,0.85,0.728,16.8,BEAT
EIX,2017-07-27,2017-02-03T16:00:00,2018-01-18T16:00:00,0.85,0.915,-7.1,MISS
DLR,2017-07-27,2017-02-03T16:00:00,2018-01-18T16:00:00,1.54,1.474,4.5,MEET
SYK,2017-07-27,2017-02-03T16:00:00,2018-01-18T16:00:00,1.53,1.509,1.4,MEET
AMZN,2017-07-27,2017-02-03T16:00:00,2018-01-18T16:00:00,0.4,1.424,-71.9,MISS
SGEN,2017-07-27,2017-02-03T16:00:00,2018-01-18T16:00:00,-0.39,-0.407,4.2,MEET
NATI,2017-07-27,2017-02-03T16:00:00,2018-01-18T16:00:00,0.27,0.257,5.1,MEET
FHB,2017-07-27,2017-02-03T16:00:00,2018-01-18T16:00:00,0.41,0.406,1,MEET
FSLR,2017-07-27,2017-02-03T16:00:00,2018-01-18T16:00:00,0.64,0.035,1728.6,BEAT
LPLA,2017-07-27,2017-02-03T16:00:00,2018-01-18T16:00:00,0.74,0.649,14,BEAT
PFPT,2017-07-27,2017-02-03T16:00:00,2018-01-18T16:00:00,0.17,0.123,38.2,BEAT
CY,2017-07-27,2017-02-03T16:00:00,2018-01-18T16:00:00,0.21,0.163,28.8,BEAT
ACHC,2017-07-27,2017-02-03T16:00:00,2018-01-18T16:00:00,0.66,0.648,1.9,MEET
MTD,2017-07-27,2017-02-03T16:00:00,2018-01-18T16:00:00,3.92,3.894,0.7,MISS
CXP,2017-07-27,2017-02-03T16:00:00,2018-01-18T16:00:00,0.26,0.275,-5.5,MISS
RSG,2017-07-27,2017-02-03T16:00:00,2018-01-18T16:00:00,0.61,0.598,2,MEET
SSNC,2017-07-27,2017-02-03T16:00:00,2018-01-18T16:00:00,0.46,0.462,-0.4,MISS
MAT,2017-07-27,2017-02-03T16:00:00,2018-01-18T16:00:00,-0.14,-0.093,-50.5,MISS
COLM,2017-07-27,2017-02-03T16:00:00,2018-01-18T16:00:00,-0.13,-0.205,38,BEAT
MHK,2017-07-27,2017-02-03T16:00:00,2018-01-18T16:00:00,3.72,3.6,3.3,MEET
VRSN,2017-07-27,2017-02-03T16:00:00,2018-01-18T16:00:00,1.05,0.993,5.7,MEET
CERN,2017-07-27,2017-02-03T16:00:00,2018-01-18T16:00:00,0.61,0.613,-0.5,MISS
EXPE,2017-07-27,2017-02-03T16:00:00,2018-01-18T16:00:00,0.89,0.92,-3.3,MISS
INTC,2017-07-27,2017-02-03T16:00:00,2018-01-18T16:00:00,0.72,0.68,5.9,MEET
LOGM,2017-07-27,2017-02-03T16:00:00,2018-01-18T16:00:00,1.01,0.931,8.5,BEAT
LEG,2017-07-27,2017-02-03T16:00:00,2018-01-18T16:00:00,0.64,0.649,-1.4,MISS
SIVB,2017-07-27,2017-02-03T16:00:00,2018-01-18T16:00:00,2.18,2.025,7.9,BEAT
ESS,2017-07-27,2017-02-03T16:00:00,2018-01-18T16:00:00,2.97,2.916,1.9,MEET
ERIE,2017-07-27,2017-02-03T16:00:00,2018-01-18T16:00:00,1.12,1.21,-7.6,MISS
WRI,2017-07-27,2017-02-03T16:00:00,2018-01-18T16:00:00,0.61,0.595,2.5,MEET
RGA,2017-07-27,2017-02-03T16:00:00,2018-01-18T16:00:00,2.95,2.478,19,BEAT
CPT,2017-07-27,2017-02-03T16:00:00,2018-01-18T16:00:00,1.15,1.132,1.6,MEET
AJG,2017-07-27,2017-02-03T16:00:00,2018-01-18T16:00:00,1.03,1.029,0.2,MISS
TCO,2017-07-27,2017-02-03T16:00:00,2018-01-18T16:00:00,0.86,0.831,3.5,MEET
PFG,2017-07-27,2017-02-03T16:00:00,2018-01-18T16:00:00,1.31,1.224,7,MEET
UNM,2017-07-27,2017-02-03T16:00:00,2018-01-18T16:00:00,1.05,1.011,3.9,MEET
HIG,2017-07-27,2017-02-03T16:00:00,2018-01-18T16:00:00,1.04,0.943,10.3,BEAT
JEF,2017-07-27,2017-02-03T16:00:00,2018-01-18T16:00:00,0.16,0.3,-46.7,MISS
FLS,2017-07-27,2017-02-03T16:00:00,2018-01-18T16:00:00,0.22,0.43,-48.8,MISS
FTV,2017-07-27,2017-02-03T16:00:00,2018-01-18T16:00:00,0.71,0.694,2.3,MEET
FE,2017-07-27,2017-02-03T16:00:00,2018-01-18T16:00:00,0.61,0.597,2.2,MEET
AFL,2017-07-27,2017-02-03T16:00:00,2018-01-18T16:00:00,0.92,0.821,11.4,BEAT
ES,2017-07-27,2017-02-03T16:00:00,2018-01-18T16:00:00,0.72,0.682,5.6,MEET
EMN,2017-07-27,2017-02-03T16:00:00,2018-01-18T16:00:00,1.98,1.905,3.9,MEET
ATR,2017-07-27,2017-02-03T16:00:00,2018-01-18T16:00:00,1.01,0.958,5.4,MEET
CUBE,2017-07-27,2017-02-03T16:00:00,2018-01-18T16:00:00,0.39,0.383,1.8,MEET
OFC,2017-07-27,2017-02-03T16:00:00,2018-01-18T16:00:00,0.49,0.49,0,MISS
NOV,2017-07-27,2017-02-03T16:00:00,2018-01-18T16:00:00,-0.14,-0.146,4.1,MEET
AIV,2017-07-27,2017-02-03T16:00:00,2018-01-18T16:00:00,0.61,0.591,3.2,MEET
COG,2017-07-27,2017-02-03T16:00:00,2018-01-18T16:00:00,0.14,0.148,-5.4,MISS
WY,2017-07-28,2017-02-06T16:00:00,2018-01-19T16:00:00,0.28,0.273,2.6,MEET
MD,2017-07-28,2017-02-06T16:00:00,2018-01-19T16:00:00,0.85,0.872,-2.5,MISS
IRM,2017-07-28,2017-02-06T16:00:00,2018-01-19T16:00:00,0.55,0.54,1.9,MEET
SC,2017-07-28,2017-02-06T16:00:00,2018-01-19T16:00:00,0.74,0.605,21.6,BEAT
LYB,2017-07-28,2017-02-06T16:00:00,2018-01-19T16:00:00,2.82,2.68,5.2,MEET
MRK,2017-07-28,2017-02-06T16:00:00,2018-01-19T16:00:00,1.01,0.874,15.6,BEAT
UFS,2017-07-28,2017-02-06T16:00:00,2018-01-19T16:00:00,0.61,0.545,11.9,BEAT
CFX,2017-07-28,2017-02-06T16:00:00,2018-01-19T16:00:00,0.43,0.431,-0.2,MISS
WFT,2017-07-28,2017-02-06T16:00:00,2018-01-19T16:00:00,-0.28,-0.284,1.4,MEET
WELL,2017-07-28,2017-02-06T16:00:00,2018-01-19T16:00:00,1.06,1.052,0.8,MISS
CMS,2017-07-28,2017-02-06T16:00:00,2018-01-19T16:00:00,0.33,0.389,-15.2,MISS
VTR,2017-07-28,2017-02-06T16:00:00,2018-01-19T16:00:00,1.06,1.054,0.6,MISS
GT,2017-07-28,2017-02-06T16:00:00,2018-01-19T16:00:00,0.7,0.71,-1.4,MISS
PEG,2017-07-28,2017-02-06T16:00:00,2018-01-19T16:00:00,0.62,0.582,6.5,MEET
BHGE,2017-07-28,2017-02-06T16:00:00,2018-01-19T16:00:00,-0.11,-0.111,0.9,MISS
AAL,2017-07-28,2017-02-06T16:00:00,2018-01-19T16:00:00,1.92,1.872,2.6,MEET
ABBV,2017-07-28,2017-02-06T16:00:00,2018-01-19T16:00:00,1.42,1.399,1.5,MEET
XOM,2017-07-28,2017-02-06T16:00:00,2018-01-19T16:00:00,0.78,0.843,-7,MISS
CVX,2017-07-28,2017-02-06T16:00:00,2018-01-19T16:00:00,0.91,0.873,4.1,MEET
L,2017-07-31,2017-02-07T16:00:00,2018-01-22T16:00:00,0.75,0.763,-1.4,MISS
CNA,2017-07-31,2017-02-07T16:00:00,2018-01-22T16:00:00,0.88,0.756,16.4,BEAT
DISCA,2017-07-31,2017-02-07T16:00:00,2018-01-22T16:00:00,0.68,0.721,-5.7,MISS
ROP,2017-07-31,2017-02-07T16:00:00,2018-01-22T16:00:00,2.24,2.218,1,MEET
NRZ,2017-07-31,2017-02-07T16:00:00,2018-01-22T16:00:00,1.03,0.529,94.7,BEAT
AWI,2017-07-31,2017-02-07T16:00:00,2018-01-22T16:00:00,0.73,0.666,9.6,BEAT
SERV,2017-07-31,2017-02-07T16:00:00,2018-01-22T16:00:00,0.69,0.683,1,MEET
AMG,2017-07-31,2017-02-07T16:00:00,2018-01-22T16:00:00,3.33,3.241,2.7,MEET
MCY,2017-07-31,2017-02-07T16:00:00,2018-01-22T16:00:00,0.68,0.5,36,BEAT
SBAC,2017-07-31,2017-02-07T16:00:00,2018-01-22T16:00:00,1.37,1.493,-8.2,MISS
ALSN,2017-07-31,2017-02-07T16:00:00,2018-01-22T16:00:00,0.63,0.481,31,BEAT
HTA,2017-07-31,2017-02-07T16:00:00,2018-01-22T16:00:00,0.39,0.383,1.8,MEET
CACC,2017-07-31,2017-02-07T16:00:00,2018-01-22T16:00:00,5.22,4.661,12,BEAT
BRX,2017-07-31,2017-02-07T16:00:00,2018-01-22T16:00:00,0.53,0.514,3.1,MEET
CGNX,2017-07-31,2017-02-07T16:00:00,2018-01-22T16:00:00,0.32,0.269,17.1,BEAT
ARE,2017-07-31,2017-02-07T16:00:00,2018-01-22T16:00:00,1.5,1.49,0.7,MISS
EHC,2017-07-31,2017-02-07T16:00:00,2018-01-22T16:00:00,0.71,0.675,5.2,MEET
VNO,2017-07-31,2017-02-07T16:00:00,2018-01-22T16:00:00,1.35,1.254,7.7,BEAT
OI,2017-07-31,2017-02-07T16:00:00,2018-01-22T16:00:00,0.75,0.668,12.3,BEAT
OLN,2017-07-31,2017-02-07T16:00:00,2018-01-22T16:00:00,0.02,0.081,-72.8,MISS
GWR,2017-08-01,2017-02-08T16:00:00,2018-01-23T16:00:00,0.8,0.726,10.2,BEAT
ETN,2017-08-01,2017-02-08T16:00:00,2018-01-23T16:00:00,1.15,1.157,-0.6,MISS
MOS,2017-08-01,2017-02-08T16:00:00,2018-01-23T16:00:00,0.29,0.229,26.9,BEAT
XRX,2017-08-01,2017-02-08T16:00:00,2018-01-23T16:00:00,0.87,0.798,9,BEAT
PFE,2017-08-01,2017-02-08T16:00:00,2018-01-23T16:00:00,0.67,0.657,2,MEET
CNX,2017-08-01,2017-02-08T16:00:00,2018-01-23T16:00:00,0.17,0.1,70,BEAT
STAY,2017-08-01,2017-02-08T16:00:00,2018-01-23T16:00:00,0.31,0.308,0.6,MISS
IGT,2017-08-01,2017-02-08T16:00:00,2018-01-23T16:00:00,0.15,0.343,-56.3,MISS
UAA,2017-08-01,2017-02-08T16:00:00,2018-01-23T16:00:00,-0.03,-0.061,54.2,BEAT
XYL,2017-08-01,2017-02-08T16:00:00,2018-01-23T16:00:00,0.59,0.569,3.7,MEET
IDXX,2017-08-01,2017-02-08T16:00:00,2018-01-23T16:00:00,0.95,0.848,12,BEAT
ADM,2017-08-01,2017-02-08T16:00:00,2018-01-23T16:00:00,0.57,0.516,10.5,BEAT
CME,2017-08-01,2017-02-08T16:00:00,2018-01-23T16:00:00,1.23,1.205,2.1,MEET
PSX,2017-08-01,2017-02-08T16:00:00,2018-01-23T16:00:00,1.09,1.009,8,BEAT
INCY,2017-08-01,2017-02-08T16:00:00,2018-01-23T16:00:00,0.03,0.192,-86.5,MISS
INGR,2017-08-01,2017-02-08T16:00:00,2018-01-23T16:00:00,1.89,1.851,2.1,MEET
MLM,2017-08-01,2017-02-08T16:00:00,2018-01-23T16:00:00,2.09,2.363,-11.4,MISS
CMI,2017-08-01,2017-02-08T16:00:00,2018-01-23T16:00:00,2.53,2.577,-1.9,MISS
SABR,2017-08-01,2017-02-08T16:00:00,2018-01-23T16:00:00,0.35,0.351,-0.3,MISS
IPGP,2017-08-01,2017-02-08T16:00:00,2018-01-23T16:00:00,1.93,1.665,15.6,BEAT
HCP,2017-08-01,2017-02-08T16:00:00,2018-01-23T16:00:00,0.48,0.468,2.6,MEET
RCL,2017-08-01,2017-02-08T16:00:00,2018-01-23T16:00:00,1.71,1.666,2.6,MEET
ECL,2017-08-01,2017-02-08T16:00:00,2018-01-23T16:00:00,1.13,1.125,0.4,MISS
NNN,2017-08-01,2017-02-08T16:00:00,2018-01-23T16:00:00,0.64,0.623,2.7,MEET
SPG,2017-08-01,2017-02-08T16:00:00,2018-01-23T16:00:00,2.47,2.439,1.3,MEET
ULTI,2017-08-01,2017-02-08T16:00:00,2018-01-23T16:00:00,0.93,0.904,2.9,MEET
FISV,2017-08-01,2017-02-08T16:00:00,2018-01-23T16:00:00,0.6,0.618,-3.7,MISS
FEYE,2017-08-01,2017-02-08T16:00:00,2018-01-23T16:00:00,-0.04,-0.116,65.5,BEAT
DVA,2017-08-01,2017-02-08T16:00:00,2018-01-23T16:00:00,0.92,0.902,2,MEET
DXCM,2017-08-01,2017-02-08T16:00:00,2018-01-23T16:00:00,-0.16,-0.217,26.3,BEAT
EXR,2017-08-01,2017-02-08T16:00:00,2018-01-23T16:00:00,1.09,1.046,4.2,MEET
DVN,2017-08-01,2017-02-08T16:00:00,2018-01-23T16:00:00,0.34,0.327,4,MEET
FANG,2017-08-01,2017-02-08T16:00:00,2018-01-23T16:00:00,1.4,0.946,48,BEAT
HLF,2017-08-01,2017-02-08T16:00:00,2018-01-23T16:00:00,0.76,0.557,35.5,BEAT
TEX,2017-08-01,2017-02-08T16:00:00,2018-01-23T16:00:00,0.51,0.427,19.4,BEAT
PAYC,2017-08-01,2017-02-08T16:00:00,2018-01-23T16:00:00,0.26,0.202,28.7,BEAT
AIZ,2017-08-01,2017-02-08T16:00:00,2018-01-23T16:00:00,1.63,1.598,2,MEET
PXD,2017-08-01,2017-02-08T16:00:00,2018-01-23T16:00:00,0.21,0.116,81,BEAT
ILMN,2017-08-01,2017-02-08T16:00:00,2018-01-23T16:00:00,0.82,0.688,19.2,BEAT
LOPE,2017-08-01,2017-02-08T16:00:00,2018-01-23T16:00:00,0.83,0.683,21.3,BEAT
HBI,2017-08-01,2017-02-08T16:00:00,2018-01-23T16:00:00,0.53,0.529,0.2,MISS
VRSK,2017-08-01,2017-02-08T16:00:00,2018-01-23T16:00:00,0.82,0.769,6.6,MEET
BFAM,2017-08-01,2017-02-08T16:00:00,2018-01-23T16:00:00,0.74,0.717,3.2,MEET
RPAI,2017-08-01,2017-02-08T16:00:00,2018-01-23T16:00:00,0.27,0.256,5.5,MEET
DEI,2017-08-01,2017-02-08T16:00:00,2018-01-23T16:00:00,0.47,0.48,-2.1,MISS
NFX,2017-08-01,2017-02-08T16:00:00,2018-01-23T16:00:00,0.43,0.422,1.9,MEET
EOG,2017-08-01,2017-02-08T16:00:00,2018-01-23T16:00:00,0.08,0.121,-33.9,MISS
ALL,2017-08-01,2017-02-08T16:00:00,2018-01-23T16:00:00,1.38,0.869,58.8,BEAT
FMC,2017-08-01,2017-02-08T16:00:00,2018-01-23T16:00:00,0.48,0.474,1.3,MEET
OKE,2017-08-01,2017-02-08T16:00:00,2018-01-23T16:00:00,0.33,0.43,-22.8,MISS
AFG,2017-08-01,2017-02-08T16:00:00,2018-01-23T16:00:00,1.61,1.31,22.9,BEAT
RRC,2017-08-01,2017-02-08T16:00:00,2018-01-23T16:00:00,0.06,0.079,-24.1,MISS
MDU,2017-08-01,2017-02-08T16:00:00,2018-01-23T16:00:00,0.22,0.248,-9.9,MISS
BXP,2017-08-01,2017-02-08T16:00:00,2018-01-23T16:00:00,1.67,1.613,3.5,MEET
MTCH,2017-08-01,2017-02-08T16:00:00,2018-01-23T16:00:00,0.16,0.184,-13,MISS
BG,2017-08-02,2017-02-09T16:00:00,2018-01-24T16:00:00,0.17,0.131,29.8,BEAT
CIM,2017-08-02,2017-02-09T16:00:00,2018-01-24T16:00:00,0.6,0.632,-5.1,MISS
HFC,2017-08-02,2017-02-09T16:00:00,2018-01-24T16:00:00,0.66,0.469,40.7,BEAT
HUM,2017-08-02,2017-02-09T16:00:00,2018-01-24T16:00:00,3.49,3.068,13.8,BEAT
LFUS,2017-08-02,2017-02-09T16:00:00,2018-01-24T16:00:00,2.1,2.085,0.7,MISS
ETR,2017-08-02,2017-02-09T16:00:00,2018-01-24T16:00:00,3.11,1.184,162.7,BEAT
NI,2017-08-02,2017-02-09T16:00:00,2018-01-24T16:00:00,0.1,0.101,-1,MISS
SO,2017-08-02,2017-02-09T16:00:00,2018-01-24T16:00:00,0.73,0.709,3,MEET
AME,2017-08-02,2017-02-09T16:00:00,2018-01-24T16:00:00,0.65,0.623,4.3,MEET
FIS,2017-08-02,2017-02-09T16:00:00,2018-01-24T16:00:00,1.02,0.972,4.9,MEET
MDLZ,2017-08-02,2017-02-09T16:00:00,2018-01-24T16:00:00,0.48,0.457,5,MEET
GRMN,2017-08-02,2017-02-09T16:00:00,2018-01-24T16:00:00,0.88,0.809,8.8,BEAT
TAP,2017-08-02,2017-02-09T16:00:00,2018-01-24T16:00:00,2.19,2.117,3.3,MEET
AN,2017-08-02,2017-02-09T16:00:00,2018-01-24T16:00:00,0.86,0.972,-11.5,MISS
SPR,2017-08-02,2017-02-09T16:00:00,2018-01-24T16:00:00,1.57,1.196,31.3,BEAT
D,2017-08-02,2017-02-09T16:00:00,2018-01-24T16:00:00,0.67,0.667,0.4,MISS
CLH,2017-08-02,2017-02-09T16:00:00,2018-01-24T16:00:00,0.24,0.256,-6.3,MISS
EXC,2017-08-02,2017-02-09T16:00:00,2018-01-24T16:00:00,0.54,0.524,3.1,MEET
CHH,2017-08-02,2017-02-09T16:00:00,2018-01-24T16:00:00,0.79,0.768,2.9,MEET
VMC,2017-08-02,2017-02-09T16:00:00,2018-01-24T16:00:00,0.9,1.201,-25.1,MISS
MFA,2017-08-02,2017-02-09T16:00:00,2018-01-24T16:00:00,0.19,0.18,4,MEET
DATA,2017-08-02,2017-02-09T16:00:00,2018-01-24T16:00:00,0.1,-0.05,300,BEAT
G,2017-08-02,2017-02-09T16:00:00,2018-01-24T16:00:00,0.43,0.355,21.1,BEAT
EQIX,2017-08-02,2017-02-09T16:00:00,2018-01-24T16:00:00,2.8,3.161,-11.4,MISS
CONE,2017-08-02,2017-02-09T16:00:00,2018-01-24T16:00:00,0.77,0.738,4.3,MEET
RNG,2017-08-02,2017-02-09T16:00:00,2018-01-24T16:00:00,0.04,0.03,33.3,BEAT
ARRS,2017-08-02,2017-02-09T16:00:00,2018-01-24T16:00:00,0.63,0.573,9.9,BEAT
TRMB,2017-08-02,2017-02-09T16:00:00,2018-01-24T16:00:00,0.38,0.35,8.6,BEAT
MASI,2017-08-02,2017-02-09T16:00:00,2018-01-24T16:00:00,0.83,0.703,18.1,BEAT
FBHS,2017-08-02,2017-02-09T16:00:00,2018-01-24T16:00:00,0.92,0.872,5.5,MEET
CTXS,2017-08-02,2017-02-09T16:00:00,2018-01-24T16:00:00,1.03,0.996,3.4,MEET
CINF,2017-08-02,2017-02-09T16:00:00,2018-01-24T16:00:00,0.64,0.495,29.3,BEAT
BMRN,2017-08-02,2017-02-09T16:00:00,2018-01-24T16:00:00,-0.21,-0.212,0.9,MISS
EXEL,2017-08-02,2017-02-09T16:00:00,2018-01-24T16:00:00,0.07,0.037,88.2,BEAT
CXO,2017-08-02,2017-02-09T16:00:00,2018-01-24T16:00:00,0.52,0.428,21.5,BEAT
RP,2017-08-02,2017-02-09T16:00:00,2018-01-24T16:00:00,0.23,0.222,3.6,MEET
PE,2017-08-02,2017-02-09T16:00:00,2018-01-24T16:00:00,0.05,0.103,-51.5,MISS
BLUE,2017-08-02,2017-02-09T16:00:00,2018-01-24T16:00:00,-1.73,-1.646,-5.1,MISS
SQ,2017-08-02,2017-02-09T16:00:00,2018-01-24T16:00:00,0.07,0.05,40,BEAT
LSI,2017-08-02,2017-02-09T16:00:00,2018-01-24T16:00:00,1.33,1.354,-1.8,MISS
WPX,2017-08-02,2017-02-09T16:00:00,2018-01-24T16:00:00,-0.14,-0.149,6,MEET
FRT,2017-08-02,2017-02-09T16:00:00,2018-01-24T16:00:00,1.49,1.458,2.2,MEET
ZNGA,2017-08-02,2017-02-09T16:00:00,2018-01-24T16:00:00,0.02,0.018,-9.6,MISS
PRU,2017-08-02,2017-02-09T16:00:00,2018-01-24T16:00:00,2.09,2.703,-22.7,MISS
TSLA,2017-08-02,2017-02-09T16:00:00,2018-01-24T16:00:00,-1.33,-1.876,29.1,BEAT
PPC,2017-08-02,2017-02-09T16:00:00,2018-01-24T16:00:00,0.93,0.833,11.6,BEAT
DNB,2017-08-02,2017-02-09T16:00:00,2018-01-24T16:00:00,1.4,1.164,20.3,BEAT
WMB,2017-08-02,2017-02-09T16:00:00,2018-01-24T16:00:00,0.13,0.194,-33,MISS
MOH,2017-08-02,2017-02-09T16:00:00,2018-01-24T16:00:00,-4.01,0.865,-563.6,MISS
MAC,2017-08-02,2017-02-09T16:00:00,2018-01-24T16:00:00,0.98,0.937,4.6,MEET
AR,2017-08-02,2017-02-09T16:00:00,2018-01-24T16:00:00,-0.04,0.029,-237.9,MISS
CTL,2017-08-02,2017-02-09T16:00:00,2018-01-24T16:00:00,0.46,0.489,-5.9,MISS
XPO,2017-08-02,2017-02-09T16:00:00,2018-01-24T16:00:00,0.6,0.604,-0.7,MISS
LNC,2017-08-02,2017-02-09T16:00:00,2018-01-24T16:00:00,1.85,1.748,5.8,MEET
NLY,2017-08-02,2017-02-09T16:00:00,2018-01-24T16:00:00,0.3,0.293,2.4,MEET
CC,2017-08-02,2017-02-09T16:00:00,2018-01-24T16:00:00,0.87,0.849,2.5,MEET
NUS,2017-08-02,2017-02-09T16:00:00,2018-01-24T16:00:00,0.77,0.69,11.1,BEAT
RYN,2017-08-02,2017-02-09T16:00:00,2018-01-24T16:00:00,0.2,0.105,90.5,BEAT
PK,2017-08-02,2017-02-09T16:00:00,2018-01-24T16:00:00,0.81,0.776,4.4,MEET
WTR,2017-08-02,2017-02-09T16:00:00,2018-01-24T16:00:00,0.34,0.34,0.7,MISS
THG,2017-08-02,2017-02-09T16:00:00,2018-01-24T16:00:00,1.69,1.563,8.1,BEAT
MET,2017-08-02,2017-02-09T16:00:00,2018-01-24T16:00:00,1.3,1.282,1.4,MEET
AVB,2017-08-02,2017-02-09T16:00:00,2018-01-24T16:00:00,2.09,2.098,-0.4,MISS
RIG,2017-08-02,2017-02-09T16:00:00,2018-01-24T16:00:00,-0.1,-0.088,-13.3,MISS
OXY,2017-08-02,2017-02-09T16:00:00,2018-01-24T16:00:00,0.15,0.089,68.5,BEAT
CF,2017-08-02,2017-02-09T16:00:00,2018-01-24T16:00:00,0.1,-0.04,350,BEAT
AGO,2017-08-02,2017-02-09T16:00:00,2018-01-24T16:00:00,1.16,0.765,51.6,BEAT
AIG,2017-08-02,2017-02-09T16:00:00,2018-01-24T16:00:00,1.53,1.196,27.9,BEAT
IAC,2017-08-02,2017-02-09T16:00:00,2018-01-24T16:00:00,0.74,0.652,13.5,BEAT
OMF,2017-08-02,2017-02-09T16:00:00,2018-01-24T16:00:00,0.81,0.882,-8.2,MISS
MRO,2017-08-02,2017-02-09T16:00:00,2018-01-24T16:00:00,-0.24,-0.149,-61.1,MISS
MUR,2017-08-02,2017-02-09T16:00:00,2018-01-24T16:00:00,-0.11,-0.154,28.6,BEAT
HGV,2017-08-02,2017-02-09T16:00:00,2018-01-24T16:00:00,0.51,0.453,12.6,BEAT
LBRDA,2017-08-02,2017-02-09T16:00:00,2018-01-24T16:00:00,0,0.05,-95,MISS
WYND,2017-08-02,2017-02-09T16:00:00,2018-01-24T16:00:00,1.53,1.495,2.3,MEET
ANSS,2017-08-02,2017-02-09T16:00:00,2018-01-24T16:00:00,0.99,0.914,8.3,BEAT
MIC,2017-08-02,2017-02-09T16:00:00,2018-01-24T16:00:00,0.32,0.497,-35.6,MISS
NEU,2017-08-02,2017-02-09T16:00:00,2018-01-24T16:00:00,5.29,5.73,-7.7,MISS
AWK,2017-08-02,2017-02-09T16:00:00,2018-01-24T16:00:00,0.73,0.792,-7.6,MISS
NBR,2017-08-02,2017-02-09T16:00:00,2018-01-24T16:00:00,-0.41,-0.356,-15.2,MISS
NXPI,2017-08-02,2017-02-09T16:00:00,2018-01-24T16:00:00,1.51,1.511,-0.2,MISS
WLTW,2017-08-03,2017-02-10T16:00:00,2018-01-25T16:00:00,1.45,1.499,-3.3,MISS
BLL,2017-08-03,2017-02-10T16:00:00,2018-01-25T16:00:00,0.53,0.549,-3.5,MISS
EPAM,2017-08-03,2017-02-10T16:00:00,2018-01-25T16:00:00,0.8,0.813,-1.6,MISS
CTSH,2017-08-03,2017-02-10T16:00:00,2018-01-25T16:00:00,0.93,0.905,2.8,MEET
LDOS,2017-08-03,2017-02-10T16:00:00,2018-01-25T16:00:00,1.04,0.781,33.2,BEAT
COMM,2017-08-03,2017-02-10T16:00:00,2018-01-25T16:00:00,0.6,0.646,-7.1,MISS
OGE,2017-08-03,2017-02-10T16:00:00,2018-01-25T16:00:00,0.52,0.466,12.5,BEAT
DISH,2017-08-03,2017-02-10T16:00:00,2018-01-25T16:00:00,0.5,0.745,-33.2,MISS
VER,2017-08-03,2017-02-10T16:00:00,2018-01-25T16:00:00,0.17,0.177,-2.8,MISS
NRG,2017-08-03,2017-02-10T16:00:00,2018-01-25T16:00:00,0.33,0.047,593.5,BEAT
TFX,2017-08-03,2017-02-10T16:00:00,2018-01-25T16:00:00,2.04,1.908,6.9,MEET
REGN,2017-08-03,2017-02-10T16:00:00,2018-01-25T16:00:00,4.17,3.168,31.6,BEAT
CNP,2017-08-03,2017-02-10T16:00:00,2018-01-25T16:00:00,0.29,0.219,32.4,BEAT
PBF,2017-08-03,2017-02-10T16:00:00,2018-01-25T16:00:00,-0.06,0.016,-475,MISS
WLK,2017-08-03,2017-02-10T16:00:00,2018-01-25T16:00:00,1.21,1.237,-2.2,MISS
AXTA,2017-08-03,2017-02-10T16:00:00,2018-01-25T16:00:00,0.31,0.389,-20.3,MISS
STOR,2017-08-03,2017-02-10T16:00:00,2018-01-25T16:00:00,0.42,0.419,0.2,MISS
DUK,2017-08-03,2017-02-10T16:00:00,2018-01-25T16:00:00,1.01,1.014,-0.4,MISS
GPN,2017-08-03,2017-02-10T16:00:00,2018-01-25T16:00:00,0.94,0.92,2.2,MEET
TDY,2017-08-03,2017-02-10T16:00:00,2018-01-25T16:00:00,1.74,1.26,38.1,BEAT
THS,2017-08-03,2017-02-10T16:00:00,2018-01-25T16:00:00,0.51,0.486,4.9,MEET
CDW,2017-08-03,2017-02-10T16:00:00,2018-01-25T16:00:00,1.03,1.028,0.2,MISS
TRGP,2017-08-03,2017-02-10T16:00:00,2018-01-25T16:00:00,0.23,-0.151,252.4,BEAT
MSCI,2017-08-03,2017-02-10T16:00:00,2018-01-25T16:00:00,0.95,0.899,5.7,MEET
IQV,2017-08-03,2017-02-10T16:00:00,2018-01-25T16:00:00,1.09,1.051,3.7,MEET
CHD,2017-08-03,2017-02-10T16:00:00,2018-01-25T16:00:00,0.41,0.388,5.7,MEET
CHK,2017-08-03,2017-02-10T16:00:00,2018-01-25T16:00:00,0.16,0.144,11.1,BEAT
SNH,2017-08-03,2017-02-10T16:00:00,2018-01-25T16:00:00,0.44,0.447,-1.6,MISS
YUM,2017-08-03,2017-02-10T16:00:00,2018-01-25T16:00:00,0.68,0.619,9.9,BEAT
PWR,2017-08-03,2017-02-10T16:00:00,2018-01-25T16:00:00,0.5,0.532,-6,MISS
HII,2017-08-03,2017-02-10T16:00:00,2018-01-25T16:00:00,3.21,2.667,20.4,BEAT
PPL,2017-08-03,2017-02-10T16:00:00,2018-01-25T16:00:00,0.52,0.495,5.1,MEET
NBL,2017-08-03,2017-02-10T16:00:00,2018-01-25T16:00:00,0.05,-0.131,138.2,BEAT
RLGY,2017-08-03,2017-02-10T16:00:00,2018-01-25T16:00:00,0.77,0.745,2.8,MEET
ICE,2017-08-03,2017-02-10T16:00:00,2018-01-25T16:00:00,0.75,0.756,-0.8,MISS
SCG,2017-08-03,2017-02-10T16:00:00,2018-01-25T16:00:00,0.85,0.743,14,BEAT
H,2017-08-03,2017-02-10T16:00:00,2018-01-25T16:00:00,0.52,0.349,49,BEAT
AGN,2017-08-03,2017-02-10T16:00:00,2018-01-25T16:00:00,4.02,3.919,2.6,MEET
ARW,2017-08-03,2017-02-10T16:00:00,2018-01-25T16:00:00,1.78,1.772,0.5,MISS
K,2017-08-03,2017-02-10T16:00:00,2018-01-25T16:00:00,0.97,0.92,5.4,MEET
AMCX,2017-08-03,2017-02-10T16:00:00,2018-01-25T16:00:00,1.88,1.389,35.3,BEAT
PNW,2017-08-03,2017-02-10T16:00:00,2018-01-25T16:00:00,1.49,1.173,27.1,BEAT
HPP,2017-08-03,2017-02-10T16:00:00,2018-01-25T16:00:00,0.48,0.47,2.1,MEET
SFM,2017-08-03,2017-02-10T16:00:00,2018-01-25T16:00:00,0.3,0.25,18.1,BEAT
APA,2017-08-03,2017-02-10T16:00:00,2018-01-25T16:00:00,-0.21,-0.021,-900,MISS
HE,2017-08-03,2017-02-10T16:00:00,2018-01-25T16:00:00,0.36,0.393,-8.4,MISS
AL,2017-08-03,2017-02-10T16:00:00,2018-01-25T16:00:00,0.92,0.855,7.6,BEAT
WU,2017-08-03,2017-02-10T16:00:00,2018-01-25T16:00:00,0.5,0.417,19.9,BEAT
OUT,2017-08-03,2017-02-10T16:00:00,2018-01-25T16:00:00,0.57,0.54,5.6,MEET
UNIT,2017-08-03,2017-02-10T16:00:00,2018-01-25T16:00:00,0.44,0.51,-13.7,MISS
SAGE,2017-08-03,2017-02-10T16:00:00,2018-01-25T16:00:00,-1.88,-1.637,-14.8,MISS
NBIX,2017-08-03,2017-02-10T16:00:00,2018-01-25T16:00:00,-0.68,-0.662,-2.7,MISS
PODD,2017-08-03,2017-02-10T16:00:00,2018-01-25T16:00:00,-0.13,-0.127,-5.5,MISS
CZR,2017-08-03,2017-02-10T16:00:00,2018-01-25T16:00:00,-3.33,0.235,-1514.9,MISS
SRCL,2017-08-03,2017-02-10T16:00:00,2018-01-25T16:00:00,1.15,1.128,2,MEET
EPR,2017-08-03,2017-02-10T16:00:00,2018-01-25T16:00:00,1.15,1.255,-8.4,MISS
SRC,2017-08-03,2017-02-10T16:00:00,2018-01-25T16:00:00,0.18,0.196,-8.2,MISS
ATVI,2017-08-03,2017-02-10T16:00:00,2018-01-25T16:00:00,0.43,0.304,41.4,BEAT
FLT,2017-08-03,2017-02-10T16:00:00,2018-01-25T16:00:00,1.99,1.965,1.3,MEET
ANET,2017-08-03,2017-02-10T16:00:00,2018-01-25T16:00:00,1.34,0.948,41.4,BEAT
KHC,2017-08-03,2017-02-10T16:00:00,2018-01-25T16:00:00,0.98,0.949,3.3,MEET
BRKR,2017-08-03,2017-02-10T16:00:00,2018-01-25T16:00:00,0.23,0.203,13.3,BEAT
GRUB,2017-08-03,2017-02-10T16:00:00,2018-01-25T16:00:00,0.26,0.257,1.2,MEET
OLED,2017-08-03,2017-02-10T16:00:00,2018-01-25T16:00:00,1,0.727,37.3,BEAT
MSI,2017-08-03,2017-02-10T16:00:00,2018-01-25T16:00:00,1.12,1.037,8,BEAT
FLR,2017-08-03,2017-02-10T16:00:00,2018-01-25T16:00:00,-0.17,0.601,-128.3,MISS
PKI,2017-08-03,2017-02-10T16:00:00,2018-01-25T16:00:00,0.67,0.669,0.1,MISS
REG,2017-08-03,2017-02-10T16:00:00,2018-01-25T16:00:00,0.93,0.887,4.8,MEET
PGRE,2017-08-03,2017-02-10T16:00:00,2018-01-25T16:00:00,0.23,0.206,11.7,BEAT
ZEN,2017-08-03,2017-02-10T16:00:00,2018-01-25T16:00:00,-0.05,-0.055,9.1,BEAT
Y,2017-08-03,2017-02-10T16:00:00,2018-01-25T16:00:00,6.37,7.95,-19.9,MISS
BIO,2017-08-03,2017-02-10T16:00:00,2018-01-25T16:00:00,0.39,0.56,-30.6,MISS
SM,2017-08-03,2017-02-10T16:00:00,2018-01-25T16:00:00,-0.32,-0.292,-9.6,MISS
ED,2017-08-03,2017-02-10T16:00:00,2018-01-25T16:00:00,0.58,0.62,-6.5,MISS
AMH,2017-08-03,2017-02-10T16:00:00,2018-01-25T16:00:00,0.26,0.26,0,MISS
LNT,2017-08-03,2017-02-10T16:00:00,2018-01-25T16:00:00,0.41,0.381,7.6,BEAT
UNVR,2017-08-04,2017-02-13T16:00:00,2018-01-26T16:00:00,0.31,0.316,-2.1,MISS
WCG,2017-08-04,2017-02-13T16:00:00,2018-01-26T16:00:00,2.52,2.238,12.6,BEAT
CI,2017-08-04,2017-02-13T16:00:00,2018-01-26T16:00:00,2.91,2.477,17.5,BEAT
AON,2017-08-04,2017-02-13T16:00:00,2018-01-26T16:00:00,1.53,1.446,5.8,MEET
NWL,2017-08-04,2017-02-13T16:00:00,2018-01-26T16:00:00,0.87,0.867,0.3,MISS
CNK,2017-08-04,2017-02-13T16:00:00,2018-01-26T16:00:00,0.47,0.46,1.6,MEET
ITT,2017-08-04,2017-02-13T16:00:00,2018-01-26T16:00:00,0.65,0.628,3.5,MEET
WPC,2017-08-04,2017-02-13T16:00:00,2018-01-26T16:00:00,1.12,1.145,-2.2,MISS
CBOE,2017-08-04,2017-02-13T16:00:00,2018-01-26T16:00:00,0.87,0.857,1.5,MEET
TDS,2017-08-04,2017-02-13T16:00:00,2018-01-26T16:00:00,0.11,0.22,-48.9,MISS
USM,2017-08-04,2017-02-13T16:00:00,2018-01-26T16:00:00,0.16,0.15,8.1,BEAT
AEE,2017-08-04,2017-02-13T16:00:00,2018-01-26T16:00:00,0.8,0.71,12,BEAT
WTM,2017-08-04,2017-02-13T16:00:00,2018-01-26T16:00:00,-4.66,1.12,-516,MISS
VST,2017-08-04,2017-02-13T16:00:00,2018-01-26T16:00:00,0.06,0.06,3.9,MEET
SRE,2017-08-04,2017-02-13T16:00:00,2018-01-26T16:00:00,1.1,0.859,28.1,BEAT
ON,2017-08-06,2017-02-13T16:00:00,2018-01-26T16:00:00,0.3,0.324,-7.6,MISS
KOS,2017-08-07,2017-02-14T16:00:00,2018-01-29T16:00:00,-0.02,-0.022,9.1,BEAT
FDC,2017-08-07,2017-02-14T16:00:00,2018-01-29T16:00:00,0.4,0.399,0.3,MISS
CBS,2017-08-07,2017-02-14T16:00:00,2018-01-29T16:00:00,0.97,0.957,1.4,MEET
TWLO,2017-08-07,2017-02-14T16:00:00,2018-01-29T16:00:00,-0.05,-0.108,53.7,BEAT
CDEV,2017-08-07,2017-02-14T16:00:00,2018-01-29T16:00:00,0.06,0.014,350.9,BEAT
TWOU,2017-08-07,2017-02-14T16:00:00,2018-01-29T16:00:00,-0.11,-0.117,6,MEET
HHC,2017-08-07,2017-02-14T16:00:00,2018-01-29T16:00:00,0.07,0.777,-90.7,MISS
APLE,2017-08-07,2017-02-14T16:00:00,2018-01-29T16:00:00,0.51,0.52,-1.9,MISS
RBC,2017-08-07,2017-02-14T16:00:00,2018-01-29T16:00:00,1.29,1.281,0.7,MISS
PRAH,2017-08-07,2017-02-14T16:00:00,2018-01-29T16:00:00,0.79,0.742,6.5,MEET
TWO,2017-08-07,2017-02-14T16:00:00,2018-01-29T16:00:00,0.54,0.533,0.9,MISS
MAR,2017-08-07,2017-02-14T16:00:00,2018-01-29T16:00:00,1.13,1.02,10.8,BEAT
BWXT,2017-08-07,2017-02-14T16:00:00,2018-01-29T16:00:00,0.56,0.474,18.1,BEAT
ALB,2017-08-07,2017-02-14T16:00:00,2018-01-29T16:00:00,1.13,1.103,2.4,MEET
AES,2017-08-08,2017-02-15T16:00:00,2018-01-30T16:00:00,0.25,0.208,20.2,BEAT
IT,2017-08-08,2017-02-15T16:00:00,2018-01-30T16:00:00,0.88,0.851,3.4,MEET
ZBRA,2017-08-08,2017-02-15T16:00:00,2018-01-30T16:00:00,1.51,1.48,2,MEET
CABO,2017-08-08,2017-02-15T16:00:00,2018-01-30T16:00:00,5.54,5.456,1.6,MEET
CVS,2017-08-08,2017-02-15T16:00:00,2018-01-30T16:00:00,1.33,1.307,1.8,MEET
IONS,2017-08-08,2017-02-15T16:00:00,2018-01-30T16:00:00,-0.09,-0.028,-222.8,MISS
ZTS,2017-08-08,2017-02-15T16:00:00,2018-01-30T16:00:00,0.53,0.527,0.6,MISS
HSIC,2017-08-08,2017-02-15T16:00:00,2018-01-30T16:00:00,0.88,0.872,0.3,MISS
SEE,2017-08-08,2017-02-15T16:00:00,2018-01-30T16:00:00,0.35,0.356,-1.7,MISS
VIRT,2017-08-08,2017-02-15T16:00:00,2018-01-30T16:00:00,0.13,0.167,-22.2,MISS
NCLH,2017-08-08,2017-02-15T16:00:00,2018-01-30T16:00:00,1.02,0.971,5,MEET
W,2017-08-08,2017-02-15T16:00:00,2018-01-30T16:00:00,-0.26,-0.462,43.7,BEAT
AGIO,2017-08-08,2017-02-15T16:00:00,2018-01-30T16:00:00,-1.78,-1.558,-14.2,MISS
LNG,2017-08-08,2017-02-15T16:00:00,2018-01-30T16:00:00,-1.08,-0.017,-6275.7,MISS
EXPD,2017-08-08,2017-02-15T16:00:00,2018-01-30T16:00:00,0.6,0.591,1.2,MEET
TRIP,2017-08-08,2017-02-15T16:00:00,2018-01-30T16:00:00,0.38,0.301,26.2,BEAT
JAZZ,2017-08-08,2017-02-15T16:00:00,2018-01-30T16:00:00,2.56,2.755,-7.1,MISS
PEN,2017-08-08,2017-02-15T16:00:00,2018-01-30T16:00:00,-0.05,-0.026,-80.4,MISS
TSRO,2017-08-08,2017-02-15T16:00:00,2018-01-30T16:00:00,-2.73,-2.489,-9.8,MISS
MNST,2017-08-08,2017-02-15T16:00:00,2018-01-30T16:00:00,0.39,0.399,-3.4,MISS
BKNG,2017-08-08,2017-02-15T16:00:00,2018-01-30T16:00:00,15.14,14.193,6.7,MEET
GDDY,2017-08-08,2017-02-15T16:00:00,2018-01-30T16:00:00,0.17,0.328,-48.8,MISS
ZG,2017-08-08,2017-02-15T16:00:00,2018-01-30T16:00:00,0.04,-0.01,500,BEAT
NKTR,2017-08-08,2017-02-15T16:00:00,2018-01-30T16:00:00,-0.39,-0.357,-8,MISS
IFF,2017-08-08,2017-02-15T16:00:00,2018-01-30T16:00:00,1.5,1.449,3.5,MEET
KAR,2017-08-08,2017-02-15T16:00:00,2018-01-30T16:00:00,0.65,0.578,12.5,BEAT
XEC,2017-08-08,2017-02-15T16:00:00,2018-01-30T16:00:00,1.06,0.948,11.8,BEAT
CLR,2017-08-08,2017-02-15T16:00:00,2018-01-30T16:00:00,0,-0.007,100,BEAT
WP,2017-08-09,2017-02-16T16:00:00,2018-01-31T16:00:00,0.83,0.824,0.7,MISS
SATS,2017-08-09,2017-02-16T16:00:00,2018-01-31T16:00:00,0.07,0.095,-28.3,MISS
WBT,2017-08-09,2017-02-16T16:00:00,2018-01-31T16:00:00,0.22,0.183,20.2,BEAT
XRAY,2017-08-09,2017-02-16T16:00:00,2018-01-31T16:00:00,0.65,0.652,-0.3,MISS
CNDT,2017-08-09,2017-02-16T16:00:00,2018-01-31T16:00:00,0.16,0.159,0.6,MISS
USFD,2017-08-09,2017-02-16T16:00:00,2018-01-31T16:00:00,0.37,0.363,1.9,MEET
STWD,2017-08-09,2017-02-16T16:00:00,2018-01-31T16:00:00,0.52,0.509,2.2,MEET
HPT,2017-08-09,2017-02-16T16:00:00,2018-01-31T16:00:00,1.06,1.08,-1.9,MISS
PAH,2017-08-09,2017-02-16T16:00:00,2018-01-31T16:00:00,0.2,0.187,7,MEET
CRL,2017-08-09,2017-02-16T16:00:00,2018-01-31T16:00:00,1.29,1.217,6,MEET
TRCO,2017-08-09,2017-02-16T16:00:00,2018-01-31T16:00:00,0.36,0.412,-12.6,MISS
WEN,2017-08-09,2017-02-16T16:00:00,2018-01-31T16:00:00,0.15,0.131,14.5,BEAT
MYL,2017-08-09,2017-02-16T16:00:00,2018-01-31T16:00:00,1.1,1.158,-5,MISS
FWONA,2017-08-09,2017-02-16T16:00:00,2018-01-31T16:00:00,0.11,-0.025,552.9,BEAT
MPW,2017-08-09,2017-02-16T16:00:00,2018-01-31T16:00:00,0.32,0.317,0.9,MISS
ALNY,2017-08-09,2017-02-16T16:00:00,2018-01-31T16:00:00,-1.34,-1.139,-17.6,MISS
PEGA,2017-08-09,2017-02-16T16:00:00,2018-01-31T16:00:00,0.15,0.17,-11.8,MISS
ICUI,2017-08-09,2017-02-16T16:00:00,2018-01-31T16:00:00,0.76,0.767,-0.9,MISS
XOG,2017-08-09,2017-02-16T16:00:00,2018-01-31T16:00:00,-0.09,-0.048,-80.3,MISS
ATH,2017-08-09,2017-02-16T16:00:00,2018-01-31T16:00:00,1.43,1.077,32.8,BEAT
LYV,2017-08-09,2017-02-16T16:00:00,2018-01-31T16:00:00,0.3,0.19,60.4,BEAT
FLO,2017-08-09,2017-02-16T16:00:00,2018-01-31T16:00:00,0.24,0.23,4.3,MEET
CPA,2017-08-09,2017-02-16T16:00:00,2018-01-31T16:00:00,1.48,1.443,2.6,MEET
MIDD,2017-08-09,2017-02-16T16:00:00,2018-01-31T16:00:00,1.39,1.383,0.8,MISS
PRGO,2017-08-10,2017-02-17T16:00:00,2018-02-01T16:00:00,1.22,0.922,32.3,BEAT
INVH,2017-08-10,2017-02-17T16:00:00,2018-02-01T16:00:00,0.25,0.242,3.3,MEET
AAP,2017-08-15,2017-02-23T16:00:00,2018-02-06T16:00:00,1.58,1.659,-4.8,MISS
